variable,raw_adjusted,year_month,lag,n_pairs,rho,beta,insufficient_sample,n_boot_used,rho_ci_lo,rho_ci_hi
abs_r,raw,2019-12,1,7268,0.42656940830522316,0.4270995949679204,False,50.0,0.2973736126135428,0.4840625502315129
abs_r,raw,2020-01,1,29635,0.35468524540762747,0.3525319002623113,False,50.0,0.32294652224961123,0.38234040906334665
abs_r,raw,2020-02,1,27000,0.45123300769400215,0.4502742546707276,False,50.0,0.3668543473617572,0.4746251409009155
abs_r,raw,2020-03,1,25774,0.3236306352019697,0.32175710998936313,False,50.0,0.26404428075065584,0.3517254815524917
abs_r,raw,2020-04,1,28568,0.2420649094982336,0.241926066262692,False,50.0,0.21438927017978693,0.27274784030271076
abs_r,raw,2020-05,1,28359,0.27857092248785364,0.2786436881117086,False,50.0,0.23944910098801406,0.30918546983992895
abs_r,raw,2020-06,1,28528,0.31373026195050335,0.31302328143690783,False,50.0,0.2799545849341932,0.33998140856389364
abs_r,raw,2020-07,1,31070,0.38444085164953873,0.3841874187390423,False,50.0,0.3463179245277652,0.43071003434293204
abs_r,raw,2020-08,1,28581,0.3384878018663699,0.33850582800569684,False,50.0,0.2961135070889885,0.391386505280285
abs_r,raw,2020-09,1,28781,0.3209309673434984,0.3198225834230002,False,50.0,0.25443767245135446,0.36496973295205937
abs_r,raw,2020-10,1,29032,0.29390772729514436,0.29398392874133966,False,50.0,0.27056350275066354,0.30989454181479253
abs_r,raw,2020-11,1,28118,0.3666378666807404,0.36621536864089266,False,50.0,0.29894000469169374,0.4054777534578167
abs_r,raw,2020-12,1,28215,0.3876981676489431,0.3876109434731909,False,50.0,0.33279387431403845,0.414592788309648
abs_r,raw,2021-01,1,26998,0.38091255980229244,0.3806647743162299,False,50.0,0.3388369011726549,0.416612792533262
abs_r,raw,2021-02,1,26994,0.3960770970589651,0.39579061674484717,False,50.0,0.3598907563701014,0.43340748967880843
abs_r,raw,2021-03,1,30385,0.3220691613188906,0.3219194773044416,False,50.0,0.27893188625565796,0.35498812668648455
abs_r,raw,2021-04,1,29478,0.32118727178922896,0.3210943640486083,False,50.0,0.2744075556807877,0.3522079016943068
abs_r,raw,2021-05,1,28343,0.36200456805939607,0.3619129218247131,False,50.0,0.3328519838916097,0.3792258610988493
abs_r,raw,2021-06,1,28756,0.3488708561497657,0.34894868548287616,False,50.0,0.31133597499168375,0.37437085077400784
abs_r,raw,2021-07,1,30070,0.34005217268019944,0.34000423510596045,False,50.0,0.30678776770098865,0.36633533031940485
abs_r,raw,2021-08,1,30293,0.3945988053501607,0.39457001450506607,False,50.0,0.36648280157505453,0.4258383070082329
abs_r,raw,2021-09,1,28890,0.38352721294643866,0.38350410057995565,False,50.0,0.34584117356926564,0.41009705891348447
abs_r,raw,2021-10,1,28827,0.35655113387506143,0.35647914444986895,False,50.0,0.33221864470472656,0.37740279703524154
abs_r,raw,2021-11,1,29836,0.3789449243144907,0.3780102791784405,False,50.0,0.34993905891397625,0.39682039871356417
abs_r,raw,2021-12,1,29450,0.37116017585443756,0.3712077166647176,False,50.0,0.3446696871069986,0.39057085704182665
abs_r,raw,2022-01,1,28698,0.38231962088520866,0.38226148207918026,False,50.0,0.33251964347386065,0.4266784369518752
abs_r,raw,2022-02,1,27317,0.30378339298789103,0.30213548320886585,False,50.0,0.2736901367424655,0.332211025033987
abs_r,raw,2022-03,1,30807,0.31401225039777936,0.31398849524240224,False,50.0,0.2777136876658199,0.343023530769287
abs_r,raw,2022-04,1,27560,0.3493662061021556,0.3487508780111092,False,50.0,0.3263749515445023,0.3851244308099331
abs_r,raw,2022-05,1,30073,0.3681601351435921,0.3680969684768592,False,50.0,0.34257074028135126,0.4078505500754044
abs_r,raw,2022-06,1,29295,0.3251033630792035,0.32507876725139034,False,50.0,0.2873489633267974,0.3614740241095839
abs_r,raw,2022-07,1,28692,0.35071908800432416,0.3506896357939101,False,50.0,0.3233678316818226,0.3647434448734176
abs_r,raw,2022-08,1,31688,0.3413369286533851,0.34127524733425535,False,50.0,0.3122967941621944,0.3671469191519198
abs_r,raw,2022-09,1,29201,0.33834217397316996,0.3383574003002513,False,50.0,0.295887148087325,0.3853089405859127
abs_r,raw,2022-10,1,28938,0.29141413347610434,0.2910990828121128,False,50.0,0.2692399932259278,0.3271411995857375
abs_r,raw,2022-11,1,29201,0.34833033509934774,0.3482904657784004,False,50.0,0.2852144596566287,0.39936928600384114
abs_r,raw,2022-12,1,28140,0.35989110231531657,0.36953697428691196,False,50.0,0.2702224955481413,0.442284437754155
abs_r,raw,2023-01,1,28698,0.3507015211037228,0.35070642176559946,False,50.0,0.3118322743648129,0.3834085410372992
abs_r,raw,2023-02,1,27320,0.38615265994210257,0.385964131577365,False,50.0,0.35409395183237413,0.40869631731635087
abs_r,raw,2023-03,1,30802,0.3805638739308737,0.3802022101747534,False,50.0,0.32705960340632084,0.41129853190324794
abs_r,raw,2023-04,1,26798,0.2971016054144533,0.2970643838315944,False,50.0,0.27108646486952165,0.32608486717762136
abs_r,raw,2023-05,1,31454,0.3601088797825495,0.3600700496069007,False,50.0,0.3175739025927261,0.39578707418049786
abs_r,raw,2023-06,1,29268,0.37229492952096077,0.37265274646733304,False,50.0,0.34185951813462295,0.3975823793309702
abs_r,raw,2023-07,1,28455,0.37567861072539066,0.375597669801029,False,50.0,0.3458358390906545,0.4220926668914884
abs_r,raw,2023-08,1,31691,0.3307230499399782,0.3304789075772237,False,50.0,0.3069650703309279,0.3585229785728177
abs_r,raw,2023-09,1,27891,0.3565797763067103,0.356448687155976,False,50.0,0.33786265691050466,0.37323718451172966
abs_r,raw,2023-10,1,30309,0.33779190375504325,0.33752972195955144,False,50.0,0.3057935663470099,0.37199991323877796
abs_r,raw,2023-11,1,29836,0.3614507526167051,0.3613606517776862,False,50.0,0.31589213938116373,0.40606128032076716
abs_r,raw,2023-12,1,26742,0.39697744523069434,0.3969020773205523,False,50.0,0.37617337032238196,0.4151390922069173
abs_r,raw,2024-01,1,30076,0.36425657612340484,0.36425362848068815,False,50.0,0.3162157643604563,0.4102915664155928
abs_r,raw,2024-02,1,28687,0.3439495211865423,0.34409108667269755,False,50.0,0.3114637787518634,0.3741741433180584
abs_r,raw,2024-03,1,26791,0.3682453533419681,0.36935683685344134,False,50.0,0.33191822080237,0.39011146995966794
abs_r,raw,2024-04,1,30291,0.3439511199332494,0.3436364560898323,False,50.0,0.31828038018950905,0.36015813970294885
abs_r,raw,2024-05,1,31454,0.3611926158102464,0.36117355663773837,False,50.0,0.3030721580526209,0.4153425713384776
abs_r,raw,2024-06,1,26395,0.35853533175876867,0.35850523713694427,False,50.0,0.34041893709518717,0.37920389195744986
abs_r,raw,2024-07,1,31191,0.4053620628434985,0.4054605276642051,False,50.0,0.3664130223032064,0.438582365431919
abs_r,raw,2024-08,1,30302,0.37500103255442835,0.3746320201494703,False,50.0,0.30620693775629765,0.41102138657279436
abs_r,raw,2024-09,1,27885,0.31943908306323765,0.3194650468283643,False,50.0,0.2833939541240797,0.3510849260916936
abs_r,raw,2024-10,1,31690,0.3208638252588405,0.3203844194548674,False,50.0,0.2995430269592221,0.3450969628553412
abs_r,raw,2024-11,1,28455,0.3233489860647192,0.3231846779523006,False,50.0,0.2836466934778282,0.3586479033498668
abs_r,raw,2024-12,1,28698,0.40804889942047395,0.4079620260659599,False,50.0,0.3863418444667547,0.43235775446968494
abs_r,raw,2025-01,1,29604,0.3472037915218642,0.34705673076072996,False,50.0,0.3036271153200075,0.3718396818190014
abs_r,raw,2025-02,1,27320,0.36762102034311883,0.36758404646810006,False,50.0,0.29208858688914685,0.4209523017551967
abs_r,raw,2025-03,1,27555,0.3506275897152999,0.35048663486692294,False,50.0,0.3289699889363795,0.37543738866791354
abs_r,raw,2025-04,1,28930,0.4288413673880733,0.42812313405815966,False,50.0,0.3606165743425501,0.45476937237611037
abs_r,raw,2025-05,1,30076,0.32254729665236365,0.3200489024562514,False,50.0,0.27928744135931843,0.36189341783192225
abs_r,raw,2025-06,1,19911,0.26713479998892437,0.26739533328476606,False,50.0,0.22800043329540362,0.29820372444922366
abs_r,raw,2019-12,5,6807,0.35400586383930954,0.35503277919462223,False,,,
abs_r,raw,2020-01,5,29379,0.26814889845606454,0.26552906165201745,False,,,
abs_r,raw,2020-02,5,26844,0.4276367744545236,0.4262605224873969,False,,,
abs_r,raw,2020-03,5,25221,0.28752470506892586,0.28250340025461723,False,,,
abs_r,raw,2020-04,5,28392,0.2195253991527113,0.21705859745335018,False,,,
abs_r,raw,2020-05,5,28195,0.22051614225631636,0.2203261728004863,False,,,
abs_r,raw,2020-06,5,28047,0.2821932656311528,0.2809190366648153,False,,,
abs_r,raw,2020-07,5,30882,0.3045805750402481,0.3043102738281612,False,,,
abs_r,raw,2020-08,5,28413,0.3079820416885371,0.30799897475000537,False,,,
abs_r,raw,2020-09,5,28401,0.3264302993294513,0.3248171718511558,False,,,
abs_r,raw,2020-10,5,28840,0.25195153271201665,0.2515478010382899,False,,,
abs_r,raw,2020-11,5,27946,0.32736888068739844,0.3281292912537586,False,,,
abs_r,raw,2020-12,5,27928,0.3113650552547307,0.31113733682861144,False,,,
abs_r,raw,2021-01,5,26842,0.3404479643298396,0.34332521504521235,False,,,
abs_r,raw,2021-02,5,26834,0.3658737727634708,0.3645087748864611,False,,,
abs_r,raw,2021-03,5,30041,0.30189314347531054,0.300679680935402,False,,,
abs_r,raw,2021-04,5,29298,0.26400606698050033,0.26421749852473714,False,,,
abs_r,raw,2021-05,5,28171,0.2895357980266272,0.28950002747211034,False,,,
abs_r,raw,2021-06,5,28282,0.2954042407461193,0.2954349767429819,False,,,
abs_r,raw,2021-07,5,29974,0.31899448702168115,0.3190567521309564,False,,,
abs_r,raw,2021-08,5,30192,0.35199672939072,0.3519554013888183,False,,,
abs_r,raw,2021-09,5,28552,0.3312991759509907,0.331241438657226,False,,,
abs_r,raw,2021-10,5,28743,0.2988343298988085,0.2986705022110951,False,,,
abs_r,raw,2021-11,5,29748,0.358068287240305,0.3580209838433749,False,,,
abs_r,raw,2021-12,5,29229,0.36065442112936624,0.36052523652916246,False,,,
abs_r,raw,2022-01,5,28614,0.35529842398537204,0.35489697591845315,False,,,
abs_r,raw,2022-02,5,27233,0.26581328045323765,0.26381714011309826,False,,,
abs_r,raw,2022-03,5,30587,0.27382986242967683,0.2736078614076756,False,,,
abs_r,raw,2022-04,5,27480,0.3044761412247735,0.30348278925494876,False,,,
abs_r,raw,2022-05,5,29981,0.3454565396008066,0.3449494680492056,False,,,
abs_r,raw,2022-06,5,29167,0.2933254107736283,0.2934048948340598,False,,,
abs_r,raw,2022-07,5,28600,0.2702268346124118,0.2700200792832081,False,,,
abs_r,raw,2022-08,5,31588,0.2950029062656312,0.2949417016270464,False,,,
abs_r,raw,2022-09,5,28994,0.27243129695575147,0.27244355185467134,False,,,
abs_r,raw,2022-10,5,28854,0.22351370267101678,0.22319048667382646,False,,,
abs_r,raw,2022-11,5,29109,0.30819007871007703,0.3080716589042616,False,,,
abs_r,raw,2022-12,5,27955,0.28256602012804233,0.29493327918147805,False,,,
abs_r,raw,2023-01,5,28614,0.3133382887793885,0.3131677392259742,False,,,
abs_r,raw,2023-02,5,27240,0.3451297287512993,0.3447314211547825,False,,,
abs_r,raw,2023-03,5,30582,0.33829881852406996,0.33778284156509114,False,,,
abs_r,raw,2023-04,5,26718,0.25158889335901596,0.25144018088272535,False,,,
abs_r,raw,2023-05,5,31362,0.32656183140758416,0.32655605299742013,False,,,
abs_r,raw,2023-06,5,29121,0.3602562599081393,0.3606191071795721,False,,,
abs_r,raw,2023-07,5,28367,0.3470211270962288,0.34657847015639504,False,,,
abs_r,raw,2023-08,5,31595,0.32287257081667037,0.3225233242429678,False,,,
abs_r,raw,2023-09,5,27744,0.3240835089801888,0.32410528533158184,False,,,
abs_r,raw,2023-10,5,30213,0.3018281045418319,0.3004722244176193,False,,,
abs_r,raw,2023-11,5,29748,0.2931283526501969,0.2929318188437172,False,,,
abs_r,raw,2023-12,5,26540,0.3552049254634329,0.3551919661641859,False,,,
abs_r,raw,2024-01,5,29988,0.31767851111985324,0.317613974963438,False,,,
abs_r,raw,2024-02,5,28599,0.27849725270786485,0.27835454504546375,False,,,
abs_r,raw,2024-03,5,26687,0.3237056948001362,0.3245141130423196,False,,,
abs_r,raw,2024-04,5,30203,0.2655380566406325,0.2651778397284075,False,,,
abs_r,raw,2024-05,5,31362,0.31079119438635205,0.3106175030759322,False,,,
abs_r,raw,2024-06,5,26140,0.3101077000428248,0.3098601270377707,False,,,
abs_r,raw,2024-07,5,31091,0.38504020081625673,0.3840366721589746,False,,,
abs_r,raw,2024-08,5,30206,0.35636508667138056,0.35526972196668266,False,,,
abs_r,raw,2024-09,5,27727,0.28527700623500196,0.28516078498089076,False,,,
abs_r,raw,2024-10,5,31594,0.28872357244303976,0.28809766741720955,False,,,
abs_r,raw,2024-11,5,28367,0.2940718242478296,0.29360197382493175,False,,,
abs_r,raw,2024-12,5,28614,0.39449242825859987,0.3936200078724706,False,,,
abs_r,raw,2025-01,5,29508,0.31229358322123585,0.31146988414272614,False,,,
abs_r,raw,2025-02,5,27240,0.3120808276971927,0.31119140708351395,False,,,
abs_r,raw,2025-03,5,27467,0.3382327903881366,0.33796530444680406,False,,,
abs_r,raw,2025-04,5,28838,0.3873242647858484,0.3858786938161874,False,,,
abs_r,raw,2025-05,5,29988,0.2546021976588794,0.25183473527637423,False,,,
abs_r,raw,2025-06,5,19775,0.227224729256417,0.22712958883357667,False,,,
abs_r,raw,2019-12,20,5741,0.26406472314744905,0.271038119942787,False,,,
abs_r,raw,2020-01,20,28508,0.2195156098132727,0.22249096733328277,False,,,
abs_r,raw,2020-02,20,26259,0.40282045042392295,0.4072261911920007,False,,,
abs_r,raw,2020-03,20,24141,0.24815876487116556,0.2479399022759696,False,,,
abs_r,raw,2020-04,20,27747,0.16387946636157202,0.16223802486760783,False,,,
abs_r,raw,2020-05,20,27580,0.19020274375491206,0.19120943568745996,False,,,
abs_r,raw,2020-06,20,27010,0.23413328900895955,0.23424494954493158,False,,,
abs_r,raw,2020-07,20,30177,0.281943226132885,0.28508560071994055,False,,,
abs_r,raw,2020-08,20,27783,0.2616809794074141,0.2635753381108505,False,,,
abs_r,raw,2020-09,20,27311,0.2911463283461523,0.2905746655971334,False,,,
abs_r,raw,2020-10,20,28120,0.20998212454309065,0.21391492714856078,False,,,
abs_r,raw,2020-11,20,27301,0.27466346792838536,0.27776414011843964,False,,,
abs_r,raw,2020-12,20,27096,0.27944035271157774,0.28264169318414356,False,,,
abs_r,raw,2021-01,20,26257,0.26677176650568946,0.2748864613664624,False,,,
abs_r,raw,2021-02,20,26234,0.3357209461832636,0.3373689507858896,False,,,
abs_r,raw,2021-03,20,29094,0.2773677699494356,0.2778005497631564,False,,,
abs_r,raw,2021-04,20,28623,0.20970277610115012,0.21510827220985865,False,,,
abs_r,raw,2021-05,20,27526,0.2572048498548895,0.2583998835655789,False,,,
abs_r,raw,2021-06,20,27251,0.22152952037313217,0.22225946100544916,False,,,
abs_r,raw,2021-07,20,29614,0.26241446827309045,0.2626749037297511,False,,,
abs_r,raw,2021-08,20,29817,0.2966586764540181,0.2966948679603669,False,,,
abs_r,raw,2021-09,20,27903,0.30052895103173843,0.30058442560189796,False,,,
abs_r,raw,2021-10,20,28428,0.23946409784902967,0.23925447583706053,False,,,
abs_r,raw,2021-11,20,29418,0.307323223670612,0.3075725552402595,False,,,
abs_r,raw,2021-12,20,28626,0.3045823619701841,0.3046316491521228,False,,,
abs_r,raw,2022-01,20,28299,0.32699320504081913,0.3263645975259133,False,,,
abs_r,raw,2022-02,20,26918,0.22929803879743152,0.2271832333327639,False,,,
abs_r,raw,2022-03,20,29971,0.2221262902608165,0.22195401830916667,False,,,
abs_r,raw,2022-04,20,27180,0.26288840577265177,0.2621049307663008,False,,,
abs_r,raw,2022-05,20,29636,0.2926883638040761,0.2923733271165681,False,,,
abs_r,raw,2022-06,20,28722,0.24080437126749674,0.24072710847505543,False,,,
abs_r,raw,2022-07,20,28255,0.19355832146310414,0.1934237732939134,False,,,
abs_r,raw,2022-08,20,31213,0.2632605035835502,0.26327906118358124,False,,,
abs_r,raw,2022-09,20,28371,0.22608752127046683,0.22607430693904668,False,,,
abs_r,raw,2022-10,20,28539,0.17988561783554094,0.17981016674238742,False,,,
abs_r,raw,2022-11,20,28764,0.24792006563123578,0.24783276321075787,False,,,
abs_r,raw,2022-12,20,27420,0.24585665943468216,0.2561969568262632,False,,,
abs_r,raw,2023-01,20,28299,0.26462169903413263,0.26411394538109356,False,,,
abs_r,raw,2023-02,20,26940,0.28061405005919904,0.2807806056998614,False,,,
abs_r,raw,2023-03,20,29944,0.32256916990276807,0.31987593424595595,False,,,
abs_r,raw,2023-04,20,26418,0.2345888600313728,0.23412116313404815,False,,,
abs_r,raw,2023-05,20,31017,0.2878216076471656,0.28741981963039487,False,,,
abs_r,raw,2023-06,20,28652,0.3013262045100713,0.3017251539321996,False,,,
abs_r,raw,2023-07,20,28037,0.2895904146169004,0.2886720302738017,False,,,
abs_r,raw,2023-08,20,31242,0.2723299322581225,0.2721369576910263,False,,,
abs_r,raw,2023-09,20,27214,0.28013690316824036,0.2800800561460664,False,,,
abs_r,raw,2023-10,20,29862,0.27235652690682827,0.27091695701412105,False,,,
abs_r,raw,2023-11,20,29418,0.2492804429413189,0.24918061361767727,False,,,
abs_r,raw,2023-12,20,25979,0.2794546360740059,0.2795072636832127,False,,,
abs_r,raw,2024-01,20,29658,0.25943925109150384,0.2595805498240458,False,,,
abs_r,raw,2024-02,20,28269,0.22761434467127617,0.22789579256818107,False,,,
abs_r,raw,2024-03,20,26302,0.2770804725890343,0.277547315338421,False,,,
abs_r,raw,2024-04,20,29873,0.22716374956834592,0.22689048524914596,False,,,
abs_r,raw,2024-05,20,31017,0.2549697264365185,0.2547096254069193,False,,,
abs_r,raw,2024-06,20,25477,0.2674173757750363,0.2672839169458208,False,,,
abs_r,raw,2024-07,20,30716,0.3197810258639226,0.3202915109085871,False,,,
abs_r,raw,2024-08,20,29846,0.3281266235858613,0.32676828686037873,False,,,
abs_r,raw,2024-09,20,27182,0.25000640022427734,0.24979974097647545,False,,,
abs_r,raw,2024-10,20,31234,0.23290054890316428,0.23227310768466,False,,,
abs_r,raw,2024-11,20,28037,0.24838208664485745,0.24813082442932902,False,,,
abs_r,raw,2024-12,20,28299,0.35115007964731143,0.35027931276939245,False,,,
abs_r,raw,2025-01,20,29148,0.2635263812249807,0.2630298257215005,False,,,
abs_r,raw,2025-02,20,26940,0.2770045097351423,0.2756512795600851,False,,,
abs_r,raw,2025-03,20,27137,0.304273486598969,0.30380427853344955,False,,,
abs_r,raw,2025-04,20,28493,0.3383630998962757,0.33699649350542005,False,,,
abs_r,raw,2025-05,20,29658,0.196330966659386,0.19282189127012428,False,,,
abs_r,raw,2025-06,20,19331,0.1695760006304831,0.16902791841107886,False,,,
abs_r,raw,2019-12,60,4546,0.14731969238727396,0.15469417756298937,False,,,
abs_r,raw,2020-01,60,27032,0.19403445545458775,0.19913928321705726,False,,,
abs_r,raw,2020-02,60,25288,0.39396592874108055,0.40592233406364836,False,,,
abs_r,raw,2020-03,60,22659,0.21910176247701285,0.22870856505889453,False,,,
abs_r,raw,2020-04,60,26709,0.16353868392725468,0.1698767879381465,False,,,
abs_r,raw,2020-05,60,26560,0.156917978193811,0.16332449600861146,False,,,
abs_r,raw,2020-06,60,25578,0.2147157059160015,0.2218853176744642,False,,,
abs_r,raw,2020-07,60,28979,0.22687675124266768,0.2387728595545711,False,,,
abs_r,raw,2020-08,60,26754,0.1990725607159599,0.2067823397930876,False,,,
abs_r,raw,2020-09,60,25899,0.25526025414432935,0.26162997373337626,False,,,
abs_r,raw,2020-10,60,26877,0.16681231086910436,0.17517033087515252,False,,,
abs_r,raw,2020-11,60,26170,0.232460530812457,0.24401350291218946,False,,,
abs_r,raw,2020-12,60,25800,0.2108914558683093,0.22071137809017682,False,,,
abs_r,raw,2021-01,60,25286,0.22946920307148244,0.24209979578974386,False,,,
abs_r,raw,2021-02,60,25223,0.29554837442224136,0.3032720303178379,False,,,
abs_r,raw,2021-03,60,27738,0.256578777218102,0.26316787833681665,False,,,
abs_r,raw,2021-04,60,27474,0.19696986691998686,0.20710075097323088,False,,,
abs_r,raw,2021-05,60,26457,0.22624148283052758,0.23161682959022847,False,,,
abs_r,raw,2021-06,60,25863,0.18130543017983022,0.18459069228766944,False,,,
abs_r,raw,2021-07,60,28654,0.21781528470557587,0.2221894173568492,False,,,
abs_r,raw,2021-08,60,28817,0.23975362618070103,0.24034596668036998,False,,,
abs_r,raw,2021-09,60,26750,0.25236759546694854,0.25368173350578693,False,,,
abs_r,raw,2021-10,60,27588,0.20251174892421958,0.2052802565809461,False,,,
abs_r,raw,2021-11,60,28538,0.24908977683949687,0.2506692944857581,False,,,
abs_r,raw,2021-12,60,27388,0.24786612721154455,0.24916753095906413,False,,,
abs_r,raw,2022-01,60,27459,0.27120784623415567,0.27273452704365225,False,,,
abs_r,raw,2022-02,60,26078,0.17363659156395045,0.17631614406826127,False,,,
abs_r,raw,2022-03,60,28753,0.18012867039563812,0.18044919904560713,False,,,
abs_r,raw,2022-04,60,26380,0.2148219972105844,0.2235870502125692,False,,,
abs_r,raw,2022-05,60,28716,0.23648557850875548,0.23674089676650553,False,,,
abs_r,raw,2022-06,60,27682,0.18635003102011896,0.18682486274303814,False,,,
abs_r,raw,2022-07,60,27335,0.18682772760284935,0.18928758428746945,False,,,
abs_r,raw,2022-08,60,30213,0.2121370521181084,0.21177942416999154,False,,,
abs_r,raw,2022-09,60,27244,0.17470714869752527,0.17475604807648104,False,,,
abs_r,raw,2022-10,60,27699,0.15484690880405044,0.15895744572290366,False,,,
abs_r,raw,2022-11,60,27845,0.2087397027342229,0.20917221703672906,False,,,
abs_r,raw,2022-12,60,26404,0.1996669668737271,0.20818000612065318,False,,,
abs_r,raw,2023-01,60,27459,0.21773842176390723,0.22025110208397355,False,,,
abs_r,raw,2023-02,60,26140,0.24574367383609685,0.25409036281313474,False,,,
abs_r,raw,2023-03,60,28816,0.2654809255770515,0.2620724146170861,False,,,
abs_r,raw,2023-04,60,25618,0.21285546636148844,0.22362978494641414,False,,,
abs_r,raw,2023-05,60,30097,0.22930560013423443,0.232982228748027,False,,,
abs_r,raw,2023-06,60,27508,0.2582518136736754,0.2590507094039078,False,,,
abs_r,raw,2023-07,60,27170,0.23499806020599961,0.2385625233098856,False,,,
abs_r,raw,2023-08,60,30322,0.23056345289156546,0.23451344144427222,False,,,
abs_r,raw,2023-09,60,26062,0.24024604206123257,0.24043724219154322,False,,,
abs_r,raw,2023-10,60,28942,0.23087271800676837,0.23405598512308845,False,,,
abs_r,raw,2023-11,60,28538,0.20928804501906015,0.21147788144829804,False,,,
abs_r,raw,2023-12,60,24871,0.26077617310574625,0.26198295912050934,False,,,
abs_r,raw,2024-01,60,28778,0.2200220025931676,0.22196295163992863,False,,,
abs_r,raw,2024-02,60,27417,0.22788451216349265,0.24125092895223998,False,,,
abs_r,raw,2024-03,60,25302,0.238956179094063,0.2444088582481146,False,,,
abs_r,raw,2024-04,60,28993,0.19996070324208262,0.20665559899611813,False,,,
abs_r,raw,2024-05,60,30097,0.23562100591711785,0.24262013929328563,False,,,
abs_r,raw,2024-06,60,24456,0.24383860607033594,0.24723417800617076,False,,,
abs_r,raw,2024-07,60,29716,0.26460239594071333,0.27444357156837096,False,,,
abs_r,raw,2024-08,60,28886,0.29538590463404985,0.30313022594242667,False,,,
abs_r,raw,2024-09,60,25938,0.20741826449504142,0.20822281472700094,False,,,
abs_r,raw,2024-10,60,30298,0.1787633620623728,0.18042385159029728,False,,,
abs_r,raw,2024-11,60,27157,0.199154913664363,0.20407454271586176,False,,,
abs_r,raw,2024-12,60,27459,0.28660608042807756,0.292004829779822,False,,,
abs_r,raw,2025-01,60,28228,0.22385692964130133,0.2254818203798373,False,,,
abs_r,raw,2025-02,60,26140,0.22899334537071597,0.23335076533984528,False,,,
abs_r,raw,2025-03,60,26257,0.2481899033290691,0.2491355943573323,False,,,
abs_r,raw,2025-04,60,27606,0.2744502982229687,0.27412482852279046,False,,,
abs_r,raw,2025-05,60,28778,0.14191306305418633,0.1411458173371708,False,,,
abs_r,raw,2025-06,60,18359,0.11915157270915534,0.11927090693656153,False,,,
abs_r,adjusted,2019-12,1,7268,0.1970301718424039,0.19726327613095254,False,50.0,0.14645858613366974,0.24141666448077587
abs_r,adjusted,2020-01,1,29635,0.3565017020715949,0.35424795963899347,False,50.0,0.2736179894860835,0.40274572546026977
abs_r,adjusted,2020-02,1,27000,0.426457268207715,0.4259785331760426,False,50.0,0.3276265242850146,0.4527150726730813
abs_r,adjusted,2020-03,1,25774,0.33696610102802566,0.3358271807624251,False,50.0,0.2826709568545354,0.3791889706808365
abs_r,adjusted,2020-04,1,28568,0.20969282883152,0.20960327262107747,False,50.0,0.18116857175360268,0.2386166011217325
abs_r,adjusted,2020-05,1,28359,0.20615638286160917,0.20604265418435158,False,50.0,0.1850575549124361,0.23000526990924322
abs_r,adjusted,2020-06,1,28528,0.2468548093753377,0.24605819939073828,False,50.0,0.2107882469200807,0.26766417438476003
abs_r,adjusted,2020-07,1,31070,0.23852986899451323,0.23799986125481015,False,50.0,0.2018410662918824,0.2705027118758365
abs_r,adjusted,2020-08,1,28581,0.19629182272778725,0.19625971763945024,False,50.0,0.17571571295531485,0.22381513058275032
abs_r,adjusted,2020-09,1,28781,0.21081563392048386,0.21011641701127706,False,50.0,0.15403471213600242,0.2627163688922942
abs_r,adjusted,2020-10,1,29032,0.3347958598792792,0.3347659658598274,False,50.0,0.28942307332729755,0.37512051419545966
abs_r,adjusted,2020-11,1,28118,0.3891128844455557,0.38708379214803634,False,50.0,0.28258370117423903,0.4307030581354185
abs_r,adjusted,2020-12,1,28215,0.2822257759819564,0.28217069724135674,False,50.0,0.2020476758793213,0.32915181845619956
abs_r,adjusted,2021-01,1,26998,0.320072572104794,0.31970412908048335,False,50.0,0.27199687304405445,0.3594141117651945
abs_r,adjusted,2021-02,1,26994,0.3539706416650305,0.3537961166148978,False,50.0,0.3125996955294403,0.3810734137869825
abs_r,adjusted,2021-03,1,30385,0.20433551573618347,0.20406933048336603,False,50.0,0.17502506104774232,0.22390808588071015
abs_r,adjusted,2021-04,1,29478,0.1842921885963589,0.18425229912222882,False,50.0,0.16647541111316067,0.1966429867359264
abs_r,adjusted,2021-05,1,28343,0.2709746181610828,0.27089555375687935,False,50.0,0.22890148513414785,0.3047189118807283
abs_r,adjusted,2021-06,1,28756,0.22093593266869593,0.22101851584107715,False,50.0,0.18572402229269483,0.24650704757854586
abs_r,adjusted,2021-07,1,30070,0.2080828260547637,0.20808486594990222,False,50.0,0.1773032460366708,0.22820389259204507
abs_r,adjusted,2021-08,1,30293,0.23185722015051205,0.231848017123689,False,50.0,0.19485562378971366,0.2570412600171799
abs_r,adjusted,2021-09,1,28890,0.27525850174210015,0.27530347114518255,False,50.0,0.21681884887934422,0.31035330154090585
abs_r,adjusted,2021-10,1,28827,0.24957255442906776,0.24957697233434642,False,50.0,0.22099636074127968,0.27182567409713304
abs_r,adjusted,2021-11,1,29836,0.29713078580805585,0.2965487368212214,False,50.0,0.17573608394138535,0.3393143933367283
abs_r,adjusted,2021-12,1,29450,0.2515437410652343,0.25168793408177487,False,50.0,0.21172708112423208,0.2719277735074857
abs_r,adjusted,2022-01,1,28698,0.29157577406589713,0.29158693993359297,False,50.0,0.24088626970626406,0.3361117459476591
abs_r,adjusted,2022-02,1,27317,0.27183323545527077,0.27097449090970316,False,50.0,0.2182105715077381,0.3081568704573651
abs_r,adjusted,2022-03,1,30807,0.25092137279314897,0.2508281856472456,False,50.0,0.20807885085004715,0.2776374082073138
abs_r,adjusted,2022-04,1,27560,0.23544458128112675,0.23509163056165586,False,50.0,0.20224891058865752,0.26305816620583916
abs_r,adjusted,2022-05,1,30073,0.1894833351528448,0.18945343570169756,False,50.0,0.15228120013113197,0.22237892126838776
abs_r,adjusted,2022-06,1,29295,0.19690632071410025,0.19691329683594752,False,50.0,0.15366286782736138,0.24058201500307794
abs_r,adjusted,2022-07,1,28692,0.2419886963516471,0.24199089641065197,False,50.0,0.16677763018584416,0.3108132396080592
abs_r,adjusted,2022-08,1,31688,0.17535408519766266,0.17536485696653298,False,50.0,0.13177410437345816,0.22978303219033927
abs_r,adjusted,2022-09,1,29201,0.21327414258798894,0.21327264287480036,False,50.0,0.16498673836517797,0.2528131502714309
abs_r,adjusted,2022-10,1,28938,0.23960992673149603,0.23943530918370493,False,50.0,0.16893161153866534,0.29877749160143696
abs_r,adjusted,2022-11,1,29201,0.23073339356647687,0.23070883063872624,False,50.0,0.1730819707020297,0.27497063257709176
abs_r,adjusted,2022-12,1,28140,0.22316155695166487,0.2263946102903986,False,50.0,0.13649870552903065,0.2765185452448027
abs_r,adjusted,2023-01,1,28698,0.18093014560524612,0.18093535311509654,False,50.0,0.1328454202590764,0.20984730243559666
abs_r,adjusted,2023-02,1,27320,0.24884252115653757,0.24874287222270255,False,50.0,0.18670139971299154,0.30055882719553767
abs_r,adjusted,2023-03,1,30802,0.29812319351094646,0.29794246198696234,False,50.0,0.2034106166489671,0.35855628434103515
abs_r,adjusted,2023-04,1,26798,0.1256765331756472,0.1256622134905209,False,50.0,0.09384637209878594,0.14650558144249928
abs_r,adjusted,2023-05,1,31454,0.21452013982530022,0.21458760347888955,False,50.0,0.14753658875588277,0.28109890572153895
abs_r,adjusted,2023-06,1,29268,0.14953974030131617,0.14966129840864748,False,50.0,0.10542492125998287,0.1880567531543811
abs_r,adjusted,2023-07,1,28455,0.24001177154493442,0.24001319656617792,False,50.0,0.18091798903874728,0.2813553955821577
abs_r,adjusted,2023-08,1,31691,0.16379935654429256,0.16371818642430574,False,50.0,0.12359991708306912,0.19946237732815028
abs_r,adjusted,2023-09,1,27891,0.15552287832348982,0.15532721039844585,False,50.0,0.12449198503095352,0.17352862429702093
abs_r,adjusted,2023-10,1,30309,0.1707190585530125,0.17059494498203334,False,50.0,0.13739534545712576,0.19891517388578642
abs_r,adjusted,2023-11,1,29836,0.19528228499168426,0.19525051468578927,False,50.0,0.12361131376001769,0.24488258383843875
abs_r,adjusted,2023-12,1,26742,0.20558144514841623,0.2055757508221307,False,50.0,0.17527530501537097,0.23683855169291718
abs_r,adjusted,2024-01,1,30076,0.16417010079883962,0.16421360407805427,False,50.0,0.12054411919200259,0.20464804427309646
abs_r,adjusted,2024-02,1,28687,0.3084795801158516,0.3088524395925601,False,50.0,0.15641887745199748,0.3914291173365982
abs_r,adjusted,2024-03,1,26791,0.23095186029161735,0.23145973799890418,False,50.0,0.1665918620794408,0.28223662944378997
abs_r,adjusted,2024-04,1,30291,0.2776379783221531,0.27745915116548964,False,50.0,0.20875668838773245,0.3166024345208162
abs_r,adjusted,2024-05,1,31454,0.2564842970994701,0.2565501404838543,False,50.0,0.1844636088427052,0.292437219023345
abs_r,adjusted,2024-06,1,26395,0.18428123462441892,0.18419318553107536,False,50.0,0.14022087280514667,0.21277253030443635
abs_r,adjusted,2024-07,1,31191,0.28165985946519306,0.281896529373703,False,50.0,0.2450318894710485,0.33252333818181307
abs_r,adjusted,2024-08,1,30302,0.3775460144779492,0.37738718644183517,False,50.0,0.28011504559507067,0.4114209726483101
abs_r,adjusted,2024-09,1,27885,0.21812675259363054,0.21821687569672563,False,50.0,0.17592406042792594,0.2584274476053282
abs_r,adjusted,2024-10,1,31690,0.191705814280107,0.1915130574586944,False,50.0,0.14574540534287025,0.210186326591227
abs_r,adjusted,2024-11,1,28455,0.26319225198419605,0.2631564048151743,False,50.0,0.21385597953132351,0.31660852490701974
abs_r,adjusted,2024-12,1,28698,0.2852699995988397,0.28524869541911646,False,50.0,0.2146906998485802,0.36480158694016557
abs_r,adjusted,2025-01,1,29604,0.2782153283813296,0.27819161423525335,False,50.0,0.20177682138597025,0.32499076891179346
abs_r,adjusted,2025-02,1,27320,0.3459270843434355,0.34592684715482885,False,50.0,0.25795367524688345,0.4193192375417864
abs_r,adjusted,2025-03,1,27555,0.2146574608734805,0.21461525876859733,False,50.0,0.17349413528215027,0.24828696811903708
abs_r,adjusted,2025-04,1,28930,0.4134276377583681,0.4124266710757946,False,50.0,0.2889242688708447,0.4625800563280793
abs_r,adjusted,2025-05,1,30076,0.2455406240329606,0.24434458069994971,False,50.0,0.20781823130161692,0.2765305426558878
abs_r,adjusted,2025-06,1,19911,0.24999432539568728,0.25005502185698975,False,50.0,0.1800181081229177,0.28501143259090056
abs_r,adjusted,2019-12,5,6807,0.1364131494056851,0.1368604647539959,False,,,
abs_r,adjusted,2020-01,5,29379,0.26445561982584564,0.2615059778227844,False,,,
abs_r,adjusted,2020-02,5,26844,0.4011382497622029,0.39982137653225386,False,,,
abs_r,adjusted,2020-03,5,25221,0.31374258262984883,0.31047305226993366,False,,,
abs_r,adjusted,2020-04,5,28392,0.1842928901887541,0.18351573620009715,False,,,
abs_r,adjusted,2020-05,5,28195,0.13433161411393071,0.13373372001913952,False,,,
abs_r,adjusted,2020-06,5,28047,0.2085443969797706,0.20696420194206178,False,,,
abs_r,adjusted,2020-07,5,30882,0.12599366778571305,0.1253321142252411,False,,,
abs_r,adjusted,2020-08,5,28413,0.13096985994664181,0.13076871896643752,False,,,
abs_r,adjusted,2020-09,5,28401,0.17658495102531777,0.1755352059377682,False,,,
abs_r,adjusted,2020-10,5,28840,0.28106469466366335,0.27967152814528895,False,,,
abs_r,adjusted,2020-11,5,27946,0.33840820703638347,0.33841542611071684,False,,,
abs_r,adjusted,2020-12,5,27928,0.18834941065370905,0.18783326569199996,False,,,
abs_r,adjusted,2021-01,5,26842,0.27108486837904633,0.2731403225102676,False,,,
abs_r,adjusted,2021-02,5,26834,0.30904707795332237,0.308048708063031,False,,,
abs_r,adjusted,2021-03,5,30041,0.16691900384049513,0.1657566559500575,False,,,
abs_r,adjusted,2021-04,5,29298,0.0982444874476882,0.0982884192122947,False,,,
abs_r,adjusted,2021-05,5,28171,0.17654251595865691,0.17631751527891726,False,,,
abs_r,adjusted,2021-06,5,28282,0.16833266330969893,0.1678807154433429,False,,,
abs_r,adjusted,2021-07,5,29974,0.1856025074257163,0.18617477401132843,False,,,
abs_r,adjusted,2021-08,5,30192,0.17013666352597892,0.170262388612476,False,,,
abs_r,adjusted,2021-09,5,28552,0.21854033658266242,0.218304197077115,False,,,
abs_r,adjusted,2021-10,5,28743,0.19946614258564652,0.19944154237008052,False,,,
abs_r,adjusted,2021-11,5,29748,0.2690700238240482,0.2687289682899914,False,,,
abs_r,adjusted,2021-12,5,29229,0.2052548191425632,0.2050528266245466,False,,,
abs_r,adjusted,2022-01,5,28614,0.24917637733157913,0.24885951670730197,False,,,
abs_r,adjusted,2022-02,5,27233,0.20641504834880442,0.20536118086363617,False,,,
abs_r,adjusted,2022-03,5,30587,0.18275773355851016,0.18235490496411205,False,,,
abs_r,adjusted,2022-04,5,27480,0.18024942591980198,0.17972361876212625,False,,,
abs_r,adjusted,2022-05,5,29981,0.13463667086797004,0.13429357675092687,False,,,
abs_r,adjusted,2022-06,5,29167,0.12932615616824172,0.12866222468205354,False,,,
abs_r,adjusted,2022-07,5,28600,0.15212147208266993,0.15184985717325286,False,,,
abs_r,adjusted,2022-08,5,31588,0.10404520766974268,0.10392305304823637,False,,,
abs_r,adjusted,2022-09,5,28994,0.14692689749132187,0.14670768574567702,False,,,
abs_r,adjusted,2022-10,5,28854,0.15026735379314712,0.15033441713959056,False,,,
abs_r,adjusted,2022-11,5,29109,0.17681496542525035,0.17665159422285787,False,,,
abs_r,adjusted,2022-12,5,27955,0.132694271980133,0.13939611684537412,False,,,
abs_r,adjusted,2023-01,5,28614,0.14408593315251486,0.14391394685043887,False,,,
abs_r,adjusted,2023-02,5,27240,0.189749462345658,0.18960585414699344,False,,,
abs_r,adjusted,2023-03,5,30582,0.24814829725184379,0.24779664683956137,False,,,
abs_r,adjusted,2023-04,5,26718,0.07684745438993557,0.07686265459764137,False,,,
abs_r,adjusted,2023-05,5,31362,0.14457378055083847,0.14484856251755407,False,,,
abs_r,adjusted,2023-06,5,29121,0.11957920743184211,0.11973569319861362,False,,,
abs_r,adjusted,2023-07,5,28367,0.19621185071095798,0.19575105133101936,False,,,
abs_r,adjusted,2023-08,5,31595,0.1340152260274625,0.13383854619326108,False,,,
abs_r,adjusted,2023-09,5,27744,0.10675773914067893,0.10667934412806951,False,,,
abs_r,adjusted,2023-10,5,30213,0.11444170129523737,0.11335951159995893,False,,,
abs_r,adjusted,2023-11,5,29748,0.13619434838115438,0.13614156476552045,False,,,
abs_r,adjusted,2023-12,5,26540,0.16090606230760646,0.16123705613908756,False,,,
abs_r,adjusted,2024-01,5,29988,0.12840507130754492,0.1283877342591185,False,,,
abs_r,adjusted,2024-02,5,28599,0.1637401266962719,0.16408042953237792,False,,,
abs_r,adjusted,2024-03,5,26687,0.16488175733467836,0.1651356987695253,False,,,
abs_r,adjusted,2024-04,5,30203,0.20490076896032008,0.20472023666668715,False,,,
abs_r,adjusted,2024-05,5,31362,0.17735457082823525,0.17733556987644686,False,,,
abs_r,adjusted,2024-06,5,26140,0.1325969275465362,0.1323816359454857,False,,,
abs_r,adjusted,2024-07,5,31091,0.2419311946025903,0.2413716433900185,False,,,
abs_r,adjusted,2024-08,5,30206,0.3472666753192339,0.3471961473519199,False,,,
abs_r,adjusted,2024-09,5,27727,0.18284212933141508,0.18281359743266,False,,,
abs_r,adjusted,2024-10,5,31594,0.14044938423715475,0.14028331409037578,False,,,
abs_r,adjusted,2024-11,5,28367,0.20259697786513042,0.2024614709379888,False,,,
abs_r,adjusted,2024-12,5,28614,0.28283500406274925,0.2818910358152478,False,,,
abs_r,adjusted,2025-01,5,29508,0.22163014481081766,0.22077478952775703,False,,,
abs_r,adjusted,2025-02,5,27240,0.22910440185805672,0.22833945276208256,False,,,
abs_r,adjusted,2025-03,5,27467,0.1999331322398546,0.19972126103919322,False,,,
abs_r,adjusted,2025-04,5,28838,0.318293049941289,0.3219225579796806,False,,,
abs_r,adjusted,2025-05,5,29988,0.17988802319678007,0.17840956093776697,False,,,
abs_r,adjusted,2025-06,5,19775,0.2012679192054036,0.20089693580528326,False,,,
abs_r,adjusted,2019-12,20,5741,0.12383678624577137,0.12508784410705823,False,,,
abs_r,adjusted,2020-01,20,28508,0.2142850047777279,0.21132118158364233,False,,,
abs_r,adjusted,2020-02,20,26259,0.3734798332294477,0.3714105315033849,False,,,
abs_r,adjusted,2020-03,20,24141,0.2834581069250123,0.2786679508843778,False,,,
abs_r,adjusted,2020-04,20,27747,0.15101756549414747,0.14651994121097683,False,,,
abs_r,adjusted,2020-05,20,27580,0.12940557844092163,0.12760913052700576,False,,,
abs_r,adjusted,2020-06,20,27010,0.17431373673200307,0.17126617470425837,False,,,
abs_r,adjusted,2020-07,20,30177,0.10480438985652064,0.10443832140948732,False,,,
abs_r,adjusted,2020-08,20,27783,0.10529926901584284,0.10495207405755473,False,,,
abs_r,adjusted,2020-09,20,27311,0.1593018907064308,0.15668988282034035,False,,,
abs_r,adjusted,2020-10,20,28120,0.24208226836743846,0.2422257396419022,False,,,
abs_r,adjusted,2020-11,20,27301,0.28787008976238554,0.28688740674297025,False,,,
abs_r,adjusted,2020-12,20,27096,0.17939665198514473,0.17816344623242447,False,,,
abs_r,adjusted,2021-01,20,26257,0.22731828152637343,0.2303975677747314,False,,,
abs_r,adjusted,2021-02,20,26234,0.3058061145801939,0.3027150095276048,False,,,
abs_r,adjusted,2021-03,20,29094,0.16357765807724667,0.16201633831603274,False,,,
abs_r,adjusted,2021-04,20,28623,0.06841766781752817,0.06870776001246084,False,,,
abs_r,adjusted,2021-05,20,27526,0.1460470031639672,0.14554048649489046,False,,,
abs_r,adjusted,2021-06,20,27251,0.12225006403069183,0.12158259237192627,False,,,
abs_r,adjusted,2021-07,20,29614,0.16352823020540982,0.1652217068443724,False,,,
abs_r,adjusted,2021-08,20,29817,0.14424438813943066,0.1448239957086982,False,,,
abs_r,adjusted,2021-09,20,27903,0.19837468805172262,0.19863412993272106,False,,,
abs_r,adjusted,2021-10,20,28428,0.168738276829397,0.16885188356469316,False,,,
abs_r,adjusted,2021-11,20,29418,0.24479331391247391,0.24343377081603806,False,,,
abs_r,adjusted,2021-12,20,28626,0.17827889978476005,0.17796147631063966,False,,,
abs_r,adjusted,2022-01,20,28299,0.2535847956677327,0.2538395199816606,False,,,
abs_r,adjusted,2022-02,20,26918,0.19348630449161466,0.19183020984843732,False,,,
abs_r,adjusted,2022-03,20,29971,0.14140721361653513,0.14141671121603927,False,,,
abs_r,adjusted,2022-04,20,27180,0.15092297877284672,0.15159414018103962,False,,,
abs_r,adjusted,2022-05,20,29636,0.10659780365130472,0.10635214941268016,False,,,
abs_r,adjusted,2022-06,20,28722,0.09913075762784453,0.09821343946911844,False,,,
abs_r,adjusted,2022-07,20,28255,0.09146588330398901,0.09125038315795146,False,,,
abs_r,adjusted,2022-08,20,31213,0.08564608561936786,0.08548492472182605,False,,,
abs_r,adjusted,2022-09,20,28371,0.1251053171988964,0.12486189177567947,False,,,
abs_r,adjusted,2022-10,20,28539,0.08922213910093993,0.09001570481678958,False,,,
abs_r,adjusted,2022-11,20,28764,0.13758161366799454,0.13737012613194907,False,,,
abs_r,adjusted,2022-12,20,27420,0.12181940796652166,0.12744947951413899,False,,,
abs_r,adjusted,2023-01,20,28299,0.09554847393686514,0.09465243111552177,False,,,
abs_r,adjusted,2023-02,20,26940,0.13100535384951953,0.13299174517354978,False,,,
abs_r,adjusted,2023-03,20,29944,0.22403394955669778,0.21913079134307703,False,,,
abs_r,adjusted,2023-04,20,26418,0.07865424715621094,0.0783254981254522,False,,,
abs_r,adjusted,2023-05,20,31017,0.09217007442592519,0.09228586069079088,False,,,
abs_r,adjusted,2023-06,20,28652,0.09152288045999585,0.09165659379352914,False,,,
abs_r,adjusted,2023-07,20,28037,0.14235015993166442,0.14052525762152993,False,,,
abs_r,adjusted,2023-08,20,31242,0.08137521299081855,0.08150439244613518,False,,,
abs_r,adjusted,2023-09,20,27214,0.08513292146726735,0.08497592449266302,False,,,
abs_r,adjusted,2023-10,20,29862,0.10052623149758486,0.0991357484839757,False,,,
abs_r,adjusted,2023-11,20,29418,0.08456484564974874,0.08470569642818965,False,,,
abs_r,adjusted,2023-12,20,25979,0.11063995414623316,0.110909718011357,False,,,
abs_r,adjusted,2024-01,20,29658,0.08944687287951804,0.08988435283883385,False,,,
abs_r,adjusted,2024-02,20,28269,0.07638835505403509,0.07703542382950389,False,,,
abs_r,adjusted,2024-03,20,26302,0.12310538750015194,0.12300764345499,False,,,
abs_r,adjusted,2024-04,20,29873,0.16418690466113714,0.1642809155636688,False,,,
abs_r,adjusted,2024-05,20,31017,0.13271152288317709,0.13329421295920943,False,,,
abs_r,adjusted,2024-06,20,25477,0.11228645742280545,0.11233572237978172,False,,,
abs_r,adjusted,2024-07,20,30716,0.20403710363895017,0.20366205020616054,False,,,
abs_r,adjusted,2024-08,20,29846,0.29950425347270265,0.29851007363906723,False,,,
abs_r,adjusted,2024-09,20,27182,0.14376716931244807,0.14374136882015454,False,,,
abs_r,adjusted,2024-10,20,31234,0.11088434532055426,0.11098854661594162,False,,,
abs_r,adjusted,2024-11,20,28037,0.1393782283327252,0.13952381689824045,False,,,
abs_r,adjusted,2024-12,20,28299,0.2368862025964998,0.23664099883454845,False,,,
abs_r,adjusted,2025-01,20,29148,0.16954152360899763,0.17018436173413867,False,,,
abs_r,adjusted,2025-02,20,26940,0.18807003856731702,0.1867643864925543,False,,,
abs_r,adjusted,2025-03,20,27137,0.1540430500534141,0.15312130374296642,False,,,
abs_r,adjusted,2025-04,20,28493,0.2912536763482906,0.2928734018882074,False,,,
abs_r,adjusted,2025-05,20,29658,0.1278556711770239,0.12486548700292512,False,,,
abs_r,adjusted,2025-06,20,19331,0.16095968296398602,0.15981770120592986,False,,,
abs_r,adjusted,2019-12,60,4546,0.06520928531832933,0.06420462352724964,False,,,
abs_r,adjusted,2020-01,60,27032,0.20618508897318658,0.1942888056729069,False,,,
abs_r,adjusted,2020-02,60,25288,0.3544656767207435,0.3412485776407449,False,,,
abs_r,adjusted,2020-03,60,22659,0.23240970367201738,0.22561817786251934,False,,,
abs_r,adjusted,2020-04,60,26709,0.1449023256630314,0.13870116241886735,False,,,
abs_r,adjusted,2020-05,60,26560,0.11178156863381641,0.10853898568329134,False,,,
abs_r,adjusted,2020-06,60,25578,0.15468380863724127,0.15048728572519923,False,,,
abs_r,adjusted,2020-07,60,28979,0.07936402210054475,0.07934631745408591,False,,,
abs_r,adjusted,2020-08,60,26754,0.07361075751418389,0.07271188692463852,False,,,
abs_r,adjusted,2020-09,60,25899,0.13677442190716269,0.13214097667601346,False,,,
abs_r,adjusted,2020-10,60,26877,0.1858533382721495,0.18711384097234113,False,,,
abs_r,adjusted,2020-11,60,26170,0.24588050308934217,0.246949672132902,False,,,
abs_r,adjusted,2020-12,60,25800,0.12020249472408188,0.11747877448087438,False,,,
abs_r,adjusted,2021-01,60,25286,0.1991168628905317,0.2012472420825121,False,,,
abs_r,adjusted,2021-02,60,25223,0.2770037932274137,0.2686499743371995,False,,,
abs_r,adjusted,2021-03,60,27738,0.14458185010793453,0.1420774391647416,False,,,
abs_r,adjusted,2021-04,60,27474,0.06073871401987835,0.06057659987964476,False,,,
abs_r,adjusted,2021-05,60,26457,0.12567731458835665,0.12481007532615218,False,,,
abs_r,adjusted,2021-06,60,25863,0.09048058637073876,0.08910854404732514,False,,,
abs_r,adjusted,2021-07,60,28654,0.11895503510105047,0.123177777912282,False,,,
abs_r,adjusted,2021-08,60,28817,0.11550105771621204,0.11693076767115233,False,,,
abs_r,adjusted,2021-09,60,26750,0.17223696093332116,0.17301803294377077,False,,,
abs_r,adjusted,2021-10,60,27588,0.16095038109192353,0.16432725052488995,False,,,
abs_r,adjusted,2021-11,60,28538,0.1951769499148349,0.19176883408502482,False,,,
abs_r,adjusted,2021-12,60,27388,0.162209367722166,0.16066352485994087,False,,,
abs_r,adjusted,2022-01,60,27459,0.218593837082465,0.21962702253541697,False,,,
abs_r,adjusted,2022-02,60,26078,0.14069653911632882,0.1397989134409326,False,,,
abs_r,adjusted,2022-03,60,28753,0.1161191517858391,0.1167724496497879,False,,,
abs_r,adjusted,2022-04,60,26380,0.1056549308980675,0.11133093574347283,False,,,
abs_r,adjusted,2022-05,60,28716,0.08997662459661326,0.09000601684115228,False,,,
abs_r,adjusted,2022-06,60,27682,0.07448817755884529,0.07420253918540153,False,,,
abs_r,adjusted,2022-07,60,27335,0.07248695015575207,0.07438237356207199,False,,,
abs_r,adjusted,2022-08,60,30213,0.05951891427020801,0.0590860741627497,False,,,
abs_r,adjusted,2022-09,60,27244,0.09243889266191818,0.09177752776477152,False,,,
abs_r,adjusted,2022-10,60,27699,0.051182776814946894,0.054445892550797965,False,,,
abs_r,adjusted,2022-11,60,27845,0.09313606503901616,0.09345365763469193,False,,,
abs_r,adjusted,2022-12,60,26404,0.07204525833865803,0.07530863791988343,False,,,
abs_r,adjusted,2023-01,60,27459,0.04747568398798445,0.04730964310747742,False,,,
abs_r,adjusted,2023-02,60,26140,0.0715914955197159,0.07857622569008654,False,,,
abs_r,adjusted,2023-03,60,28816,0.17696910205973965,0.16689688716810008,False,,,
abs_r,adjusted,2023-04,60,25618,0.04041599618283706,0.042592745536076525,False,,,
abs_r,adjusted,2023-05,60,30097,0.05829068592740986,0.06291121809689662,False,,,
abs_r,adjusted,2023-06,60,27508,0.06816097707678745,0.06793404678434266,False,,,
abs_r,adjusted,2023-07,60,27170,0.08628021298145462,0.08618190100410267,False,,,
abs_r,adjusted,2023-08,60,30322,0.054576005606961686,0.05826472477075213,False,,,
abs_r,adjusted,2023-09,60,26062,0.07385398102199107,0.07384244234014099,False,,,
abs_r,adjusted,2023-10,60,28942,0.04453403610250928,0.04541795260825741,False,,,
abs_r,adjusted,2023-11,60,28538,0.04586389863402011,0.04820800470523339,False,,,
abs_r,adjusted,2023-12,60,24871,0.08950735201737614,0.0903886780340452,False,,,
abs_r,adjusted,2024-01,60,28778,0.048993909592043805,0.04960326550550767,False,,,
abs_r,adjusted,2024-02,60,27417,0.05507650288314002,0.07110193491359956,False,,,
abs_r,adjusted,2024-03,60,25302,0.075946308048504,0.08045534558601532,False,,,
abs_r,adjusted,2024-04,60,28993,0.12317900839446631,0.12962747936860555,False,,,
abs_r,adjusted,2024-05,60,30097,0.11707893579186043,0.1338038202901361,False,,,
abs_r,adjusted,2024-06,60,24456,0.08564363786244777,0.08738259840654158,False,,,
abs_r,adjusted,2024-07,60,29716,0.16709301633714077,0.17331032896913284,False,,,
abs_r,adjusted,2024-08,60,28886,0.2701438468980085,0.278776968444275,False,,,
abs_r,adjusted,2024-09,60,25938,0.11862325343024895,0.12002408462802942,False,,,
abs_r,adjusted,2024-10,60,30298,0.07589136018729808,0.0753603763157381,False,,,
abs_r,adjusted,2024-11,60,27157,0.12564027592346538,0.1351073032042851,False,,,
abs_r,adjusted,2024-12,60,27459,0.18526258765403897,0.19539085230536177,False,,,
abs_r,adjusted,2025-01,60,28228,0.11693964250330287,0.1173854592522407,False,,,
abs_r,adjusted,2025-02,60,26140,0.13658876420992605,0.1446134346736436,False,,,
abs_r,adjusted,2025-03,60,26257,0.12768188868385147,0.12710448107700983,False,,,
abs_r,adjusted,2025-04,60,27606,0.2518212080264613,0.2548178849969974,False,,,
abs_r,adjusted,2025-05,60,28778,0.07105246725822309,0.06951179888126027,False,,,
abs_r,adjusted,2025-06,60,18359,0.11581825308538644,0.11336226032261189,False,,,
log_hl,raw,2019-12,1,7406,0.7124011352241433,0.7095807545597618,False,50.0,0.6245542100221161,0.7451492836213861
log_hl,raw,2020-01,1,29704,0.6914904937206791,0.6780388561563309,False,50.0,0.6661483102476126,0.7133562075025284
log_hl,raw,2020-02,1,27039,0.7996896475187226,0.795659346756879,False,50.0,0.7186544197075957,0.8160317963316722
log_hl,raw,2020-03,1,26015,0.6714761318707009,0.6547276427962179,False,50.0,0.6138284448126012,0.7050710985505401
log_hl,raw,2020-04,1,28612,0.5836984447874655,0.574411900410121,False,50.0,0.5515706823479084,0.615968527545754
log_hl,raw,2020-05,1,28400,0.6089824408488924,0.6033427981145689,False,50.0,0.5729424744527445,0.6336854242542964
log_hl,raw,2020-06,1,28718,0.6501243520240115,0.6454819478714852,False,50.0,0.6149298890176467,0.6790725928393575
log_hl,raw,2020-07,1,31117,0.7195752174122637,0.7132172088500385,False,50.0,0.6943107054055518,0.7484896842042575
log_hl,raw,2020-08,1,28623,0.706273264238414,0.7002519691861883,False,50.0,0.6697429627445555,0.7356959720502918
log_hl,raw,2020-09,1,28884,0.7030713405703883,0.7020030241786305,False,50.0,0.6276016841807548,0.7490480428712376
log_hl,raw,2020-10,1,29080,0.6365864023771507,0.6333594449084103,False,50.0,0.6063525177337779,0.659128081273305
log_hl,raw,2020-11,1,28161,0.6947178360534779,0.6904145851131963,False,50.0,0.6432103479394671,0.7205814439353634
log_hl,raw,2020-12,1,28295,0.7135283283758844,0.706462731212659,False,50.0,0.6839096888441331,0.7362243337755418
log_hl,raw,2021-01,1,27037,0.70551615264529,0.7031461718660574,False,50.0,0.6654515321002966,0.7458625390593225
log_hl,raw,2021-02,1,27034,0.7588804894133677,0.7574890536747719,False,50.0,0.7226626649214454,0.7804285484669817
log_hl,raw,2021-03,1,30481,0.6980908082878433,0.6968405310656111,False,50.0,0.6559163600656928,0.7285394333757879
log_hl,raw,2021-04,1,29523,0.6803682333087164,0.675364155826046,False,50.0,0.6415924769996731,0.701523129346875
log_hl,raw,2021-05,1,28386,0.6929295362143996,0.6922317593348297,False,50.0,0.6670685927050463,0.7097529717948015
log_hl,raw,2021-06,1,28921,0.6978813796416927,0.6957472977258962,False,50.0,0.6646215044863607,0.7152325666374333
log_hl,raw,2021-07,1,30094,0.7149706474168668,0.7140549156799222,False,50.0,0.6866455380219358,0.7447447923816336
log_hl,raw,2021-08,1,30319,0.7408700793147981,0.7400916366271829,False,50.0,0.7164175173678199,0.7517100024618817
log_hl,raw,2021-09,1,29016,0.7324235187319399,0.7315946217663843,False,50.0,0.7130753537270389,0.7465752516944402
log_hl,raw,2021-10,1,28848,0.6977606273349335,0.6968334491585677,False,50.0,0.6873611421314156,0.7098178523745174
log_hl,raw,2021-11,1,29858,0.7531649095781532,0.7492561941179029,False,50.0,0.723817273098125,0.7658479655106805
log_hl,raw,2021-12,1,29522,0.7368621181904884,0.7357737141354126,False,50.0,0.6962399231353036,0.7540080339341484
log_hl,raw,2022-01,1,28719,0.7412575267463416,0.7401660803524025,False,50.0,0.6993175960381302,0.7704204803212673
log_hl,raw,2022-02,1,27338,0.6773924218019186,0.6695575991709475,False,50.0,0.6528247320550045,0.7019798120184512
log_hl,raw,2022-03,1,30871,0.6629303304289335,0.6601770017457719,False,50.0,0.6290300538118392,0.686297546547456
log_hl,raw,2022-04,1,27580,0.7058068514247935,0.7003469025788783,False,50.0,0.6883758920766515,0.7357066771945494
log_hl,raw,2022-05,1,30096,0.7355241110581406,0.7326762520462887,False,50.0,0.7230699606899811,0.7474720774736342
log_hl,raw,2022-06,1,29327,0.7003631167336821,0.6967098816170002,False,50.0,0.6754538084153661,0.7226895150820208
log_hl,raw,2022-07,1,28715,0.6969069954636112,0.6926291578537833,False,50.0,0.6774947233609326,0.7120285165438152
log_hl,raw,2022-08,1,31713,0.7053074193669928,0.6997387218125798,False,50.0,0.6713088082914698,0.7341935456789347
log_hl,raw,2022-09,1,29259,0.6694448395154361,0.6683742486836749,False,50.0,0.6090164331316026,0.7226475580159383
log_hl,raw,2022-10,1,28959,0.6249883182315845,0.6224635937626071,False,50.0,0.5966179350402605,0.6547473562992567
log_hl,raw,2022-11,1,29224,0.6377391157011029,0.636214657428231,False,50.0,0.5429769714746034,0.7212744283244786
log_hl,raw,2022-12,1,28195,0.6523916594538448,0.6436909695116205,False,50.0,0.5948826086979857,0.7273755048999219
log_hl,raw,2023-01,1,28719,0.7007794538529708,0.6995773298481093,False,50.0,0.661465144920964,0.7340272717214319
log_hl,raw,2023-02,1,27340,0.7530036333394636,0.7521692304066995,False,50.0,0.7340338607617897,0.7710590240189202
log_hl,raw,2023-03,1,30862,0.7346185559380441,0.7322679994389499,False,50.0,0.6712420170087796,0.7648444800467096
log_hl,raw,2023-04,1,26818,0.672548792074712,0.6701496739659052,False,50.0,0.6387321069045618,0.693028805889221
log_hl,raw,2023-05,1,31477,0.7207558635910852,0.7190141427609391,False,50.0,0.6882856864399105,0.7448010737424176
log_hl,raw,2023-06,1,29308,0.732831907603341,0.732761806670537,False,50.0,0.7108539386419959,0.7509621968095623
log_hl,raw,2023-07,1,28477,0.7314658356200565,0.7303756696166471,False,50.0,0.7098452525902941,0.7550108016801576
log_hl,raw,2023-08,1,31715,0.7061963333989157,0.7018368910288364,False,50.0,0.6864817643956017,0.7255741600536981
log_hl,raw,2023-09,1,27930,0.7068580474341705,0.7067744335571499,False,50.0,0.6802753466462431,0.7222964477542414
log_hl,raw,2023-10,1,30333,0.694317464290332,0.691239303519351,False,50.0,0.6658274817493626,0.7188499438440343
log_hl,raw,2023-11,1,29858,0.6952785715651453,0.6939401791657556,False,50.0,0.6308097846743504,0.7501310195167369
log_hl,raw,2023-12,1,26799,0.7325707992226442,0.7339084523625626,False,50.0,0.7087713673495686,0.7529800380810096
log_hl,raw,2024-01,1,30098,0.7315585847963597,0.7290199754592248,False,50.0,0.7084256194066642,0.7480556943791546
log_hl,raw,2024-02,1,28709,0.6935984375227204,0.6920910051446434,False,50.0,0.6688695948964527,0.7231912345598956
log_hl,raw,2024-03,1,26817,0.7364084637957187,0.7386908012276463,False,50.0,0.7197188960469535,0.7500943400617991
log_hl,raw,2024-04,1,30313,0.6788771773503559,0.676293715418051,False,50.0,0.654436002842122,0.7025577019426328
log_hl,raw,2024-05,1,31477,0.6926083893712865,0.6906247357239316,False,50.0,0.6035551265212046,0.7546980956558086
log_hl,raw,2024-06,1,26470,0.6970073295818559,0.6964731202738177,False,50.0,0.6727417200686046,0.7326398795160851
log_hl,raw,2024-07,1,31216,0.7527955799240909,0.7503630715381343,False,50.0,0.7214237953137158,0.7756630873220077
log_hl,raw,2024-08,1,30326,0.7420657470951754,0.7400713674811908,False,50.0,0.694756560637463,0.772027678430485
log_hl,raw,2024-09,1,27925,0.6736726551276077,0.6723201524626442,False,50.0,0.6464439921109582,0.6921613158268725
log_hl,raw,2024-10,1,31714,0.6857302117090499,0.6846957074109548,False,50.0,0.6613137782730165,0.7071687068581598
log_hl,raw,2024-11,1,28477,0.6814995217759008,0.6784274706507551,False,50.0,0.6278360879909681,0.711014317148825
log_hl,raw,2024-12,1,28719,0.7610887523447912,0.7566661518469221,False,50.0,0.7386841498656026,0.7983140940365592
log_hl,raw,2025-01,1,29628,0.6940754294149268,0.6918223162538687,False,50.0,0.654929398478559,0.7237367792800842
log_hl,raw,2025-02,1,27340,0.6794641474570609,0.6559886052262699,False,50.0,0.6122326919254579,0.7183371612047919
log_hl,raw,2025-03,1,27577,0.7154880461540997,0.7136398576267033,False,50.0,0.6908077820386195,0.7353329294270035
log_hl,raw,2025-04,1,28953,0.7624843672300508,0.7523978647188527,False,50.0,0.7066606595096263,0.7823051459952568
log_hl,raw,2025-05,1,30098,0.6561591740964462,0.6477329302618468,False,50.0,0.6218273674385343,0.6918391227125406
log_hl,raw,2025-06,1,19948,0.6027381652971809,0.5985388507367484,False,50.0,0.5488139199151213,0.6394125358169944
log_hl,raw,2019-12,5,6911,0.6207296847312097,0.6183086454730308,False,,,
log_hl,raw,2020-01,5,29441,0.5598708709577304,0.5430449034896339,False,,,
log_hl,raw,2020-02,5,26883,0.7399502784025652,0.7339706343681546,False,,,
log_hl,raw,2020-03,5,25326,0.5839222315062532,0.56103067115251,False,,,
log_hl,raw,2020-04,5,28436,0.4994105626856152,0.4893285567808879,False,,,
log_hl,raw,2020-05,5,28236,0.5247394585006524,0.5192713634689927,False,,,
log_hl,raw,2020-06,5,28149,0.573052156515576,0.5666405965783945,False,,,
log_hl,raw,2020-07,5,30929,0.6327536572950412,0.6269462305040753,False,,,
log_hl,raw,2020-08,5,28455,0.6359355610098898,0.630182627568957,False,,,
log_hl,raw,2020-09,5,28489,0.6638191592953774,0.660577174098879,False,,,
log_hl,raw,2020-10,5,28888,0.567196684450742,0.5634765577386363,False,,,
log_hl,raw,2020-11,5,27989,0.6237726256751366,0.6147191093687536,False,,,
log_hl,raw,2020-12,5,27996,0.6303665345765274,0.6235610102770933,False,,,
log_hl,raw,2021-01,5,26881,0.6366937753619747,0.6370242101986135,False,,,
log_hl,raw,2021-02,5,26874,0.7001229860705406,0.6957087017540554,False,,,
log_hl,raw,2021-03,5,30120,0.6506168461807604,0.6474464770381105,False,,,
log_hl,raw,2021-04,5,29343,0.5939196223650064,0.5894305564397139,False,,,
log_hl,raw,2021-05,5,28214,0.6072453053071747,0.6069031510701949,False,,,
log_hl,raw,2021-06,5,28384,0.6119341499510644,0.610039064331236,False,,,
log_hl,raw,2021-07,5,29998,0.6490009706185311,0.6483720879057395,False,,,
log_hl,raw,2021-08,5,30217,0.6885574937287902,0.6877933222033178,False,,,
log_hl,raw,2021-09,5,28615,0.6559832526333749,0.6558147917870495,False,,,
log_hl,raw,2021-10,5,28764,0.6085055688692306,0.6076680724347995,False,,,
log_hl,raw,2021-11,5,29770,0.6985088999006989,0.6937136775304938,False,,,
log_hl,raw,2021-12,5,29277,0.6929594004904377,0.6919885960992979,False,,,
log_hl,raw,2022-01,5,28635,0.7082199227611288,0.7067589724058608,False,,,
log_hl,raw,2022-02,5,27254,0.6072831123161194,0.5941824452756282,False,,,
log_hl,raw,2022-03,5,30638,0.6056326847152402,0.6028506252536948,False,,,
log_hl,raw,2022-04,5,27500,0.642404381893531,0.6364951803048015,False,,,
log_hl,raw,2022-05,5,30004,0.6875410997030889,0.6838855440072884,False,,,
log_hl,raw,2022-06,5,29199,0.6134479412480911,0.6105305845479588,False,,,
log_hl,raw,2022-07,5,28623,0.5694818221139931,0.5658829071222168,False,,,
log_hl,raw,2022-08,5,31613,0.6144933966312864,0.609379279792195,False,,,
log_hl,raw,2022-09,5,29043,0.582234035262197,0.5817791960859763,False,,,
log_hl,raw,2022-10,5,28875,0.4992423794126204,0.49665541306934696,False,,,
log_hl,raw,2022-11,5,29132,0.5645002107990928,0.56294937683183,False,,,
log_hl,raw,2022-12,5,27999,0.5498304773902811,0.5664639069661965,False,,,
log_hl,raw,2023-01,5,28635,0.5792663905422976,0.578283312097142,False,,,
log_hl,raw,2023-02,5,27260,0.6699775225757072,0.6689560246318957,False,,,
log_hl,raw,2023-03,5,30635,0.6629622799262767,0.6606538541519307,False,,,
log_hl,raw,2023-04,5,26738,0.5684234068532574,0.5661834458401505,False,,,
log_hl,raw,2023-05,5,31385,0.6440476462773269,0.6423971812765173,False,,,
log_hl,raw,2023-06,5,29155,0.6702273026654743,0.6704156582699538,False,,,
log_hl,raw,2023-07,5,28389,0.6494463533499178,0.6481696740909858,False,,,
log_hl,raw,2023-08,5,31619,0.6371274272951756,0.632928942878713,False,,,
log_hl,raw,2023-09,5,27780,0.6555952138920226,0.656013302795876,False,,,
log_hl,raw,2023-10,5,30237,0.6185745950042414,0.6135275212802125,False,,,
log_hl,raw,2023-11,5,29770,0.595322342141777,0.5940071006175678,False,,,
log_hl,raw,2023-12,5,26585,0.6449032285332749,0.6465685051441649,False,,,
log_hl,raw,2024-01,5,30010,0.6469720233415144,0.6447350969531443,False,,,
log_hl,raw,2024-02,5,28621,0.5894795885380466,0.5883105894511027,False,,,
log_hl,raw,2024-03,5,26713,0.637775293253564,0.6400342886199335,False,,,
log_hl,raw,2024-04,5,30225,0.5826861135954366,0.5798709305211112,False,,,
log_hl,raw,2024-05,5,31385,0.6104846349190316,0.6086853052080862,False,,,
log_hl,raw,2024-06,5,26200,0.6069485682166814,0.6067297273724799,False,,,
log_hl,raw,2024-07,5,31116,0.6958912613787354,0.6929624515153312,False,,,
log_hl,raw,2024-08,5,30230,0.6888134684551592,0.6855721961534275,False,,,
log_hl,raw,2024-09,5,27766,0.5905249944943228,0.5893017560582295,False,,,
log_hl,raw,2024-10,5,31618,0.6137486674328053,0.6121574788091896,False,,,
log_hl,raw,2024-11,5,28389,0.6186501935066953,0.6153899010290124,False,,,
log_hl,raw,2024-12,5,28635,0.7277327901334132,0.7228978144747199,False,,,
log_hl,raw,2025-01,5,29532,0.6257682196601903,0.6228229815894483,False,,,
log_hl,raw,2025-02,5,27260,0.6123068060744689,0.590226687600401,False,,,
log_hl,raw,2025-03,5,27489,0.6683273083258484,0.6664315900050488,False,,,
log_hl,raw,2025-04,5,28861,0.6830793205001663,0.6725600057296794,False,,,
log_hl,raw,2025-05,5,30010,0.5549612691921125,0.5431790849141792,False,,,
log_hl,raw,2025-06,5,19809,0.484323115919103,0.48127638581818016,False,,,
log_hl,raw,2019-12,20,5798,0.47417532085716924,0.4846614288365866,False,,,
log_hl,raw,2020-01,20,28563,0.4657164097223757,0.4581707808239177,False,,,
log_hl,raw,2020-02,20,26298,0.7055676839336772,0.7066926315458921,False,,,
log_hl,raw,2020-03,20,24201,0.5061774054750878,0.49212376363387883,False,,,
log_hl,raw,2020-04,20,27790,0.40109454154537716,0.38997194154305176,False,,,
log_hl,raw,2020-05,20,27621,0.4357394950036634,0.4345577380048951,False,,,
log_hl,raw,2020-06,20,27068,0.4795983936241967,0.4765463703640078,False,,,
log_hl,raw,2020-07,20,30224,0.5519214948118594,0.5550047574353988,False,,,
log_hl,raw,2020-08,20,27825,0.5358650350473311,0.5346886299272039,False,,,
log_hl,raw,2020-09,20,27372,0.6013145352441656,0.5984846085483689,False,,,
log_hl,raw,2020-10,20,28168,0.4756906365271996,0.4794002336409822,False,,,
log_hl,raw,2020-11,20,27344,0.5509245753775698,0.5471067905749168,False,,,
log_hl,raw,2020-12,20,27145,0.5418627065394975,0.5427118037760288,False,,,
log_hl,raw,2021-01,20,26296,0.5264518165844051,0.5393823343963595,False,,,
log_hl,raw,2021-02,20,26274,0.6389162964970582,0.6438516401346998,False,,,
log_hl,raw,2021-03,20,29149,0.5810362640229367,0.5808422878723245,False,,,
log_hl,raw,2021-04,20,28668,0.4944633912076512,0.5013779545340832,False,,,
log_hl,raw,2021-05,20,27569,0.5271362003274538,0.5289104362145814,False,,,
log_hl,raw,2021-06,20,27306,0.48522696442616187,0.4849091593063921,False,,,
log_hl,raw,2021-07,20,29638,0.5536117663567377,0.5534195258082768,False,,,
log_hl,raw,2021-08,20,29842,0.5864895692972723,0.585816477200854,False,,,
log_hl,raw,2021-09,20,27936,0.5684584971025998,0.5684862606098012,False,,,
log_hl,raw,2021-10,20,28449,0.49937415633753984,0.4987162048134257,False,,,
log_hl,raw,2021-11,20,29440,0.6088587432011165,0.6051757379381965,False,,,
log_hl,raw,2021-12,20,28662,0.5955667792059384,0.5959958973481176,False,,,
log_hl,raw,2022-01,20,28320,0.6423493313091573,0.641056996530544,False,,,
log_hl,raw,2022-02,20,26939,0.512368218373381,0.5007293150134418,False,,,
log_hl,raw,2022-03,20,30008,0.520216245795122,0.5181359490175652,False,,,
log_hl,raw,2022-04,20,27200,0.5537531600777637,0.548867753960907,False,,,
log_hl,raw,2022-05,20,29659,0.5865607232294725,0.5838702998645993,False,,,
log_hl,raw,2022-06,20,28751,0.5078402180380379,0.5055200811082453,False,,,
log_hl,raw,2022-07,20,28278,0.45690416139604345,0.45426646819160355,False,,,
log_hl,raw,2022-08,20,31238,0.5201118939478173,0.5164024655501394,False,,,
log_hl,raw,2022-09,20,28404,0.4810007890357352,0.4808953194623111,False,,,
log_hl,raw,2022-10,20,28560,0.40579473266564486,0.40422678415268964,False,,,
log_hl,raw,2022-11,20,28787,0.46090692027809305,0.4598873258612255,False,,,
log_hl,raw,2022-12,20,27449,0.4662599602191481,0.47939659189646106,False,,,
log_hl,raw,2023-01,20,28320,0.47392671093249117,0.47290773102574507,False,,,
log_hl,raw,2023-02,20,26960,0.5632155829280334,0.5635256987759754,False,,,
log_hl,raw,2023-03,20,29981,0.6016261924811959,0.5939552589412617,False,,,
log_hl,raw,2023-04,20,26438,0.4851156515437336,0.4825189996733507,False,,,
log_hl,raw,2023-05,20,31040,0.5566761591854575,0.554699619213509,False,,,
log_hl,raw,2023-06,20,28682,0.5807296329962138,0.5814021774110701,False,,,
log_hl,raw,2023-07,20,28059,0.5553861725801639,0.5537294606703869,False,,,
log_hl,raw,2023-08,20,31265,0.5417520624455494,0.5388116177242279,False,,,
log_hl,raw,2023-09,20,27248,0.5615974747726004,0.5619949537162813,False,,,
log_hl,raw,2023-10,20,29885,0.5491470859698339,0.5444896477294571,False,,,
log_hl,raw,2023-11,20,29440,0.5198601730548154,0.5191295507837415,False,,,
log_hl,raw,2023-12,20,26012,0.5404058542657583,0.5419827661592317,False,,,
log_hl,raw,2024-01,20,29680,0.5456503607195698,0.5442927387775678,False,,,
log_hl,raw,2024-02,20,28291,0.49671307146433125,0.49674358733879503,False,,,
log_hl,raw,2024-03,20,26327,0.5454882047877012,0.5473353098854493,False,,,
log_hl,raw,2024-04,20,29895,0.49161820221412383,0.48945797338278013,False,,,
log_hl,raw,2024-05,20,31040,0.5237494955598997,0.52152005465824,False,,,
log_hl,raw,2024-06,20,25509,0.5177073248357482,0.5175033818308339,False,,,
log_hl,raw,2024-07,20,30741,0.608644851079856,0.6075578293458967,False,,,
log_hl,raw,2024-08,20,29870,0.6175115784764151,0.6155974023878892,False,,,
log_hl,raw,2024-09,20,27216,0.5130074536698069,0.5118477478729754,False,,,
log_hl,raw,2024-10,20,31258,0.5059424059455192,0.5046637383123576,False,,,
log_hl,raw,2024-11,20,28059,0.5273024032139613,0.5250644363112412,False,,,
log_hl,raw,2024-12,20,28320,0.6470216559626506,0.642604174823684,False,,,
log_hl,raw,2025-01,20,29172,0.526741598146453,0.5260211686270799,False,,,
log_hl,raw,2025-02,20,26960,0.5231762913692749,0.5015025691482997,False,,,
log_hl,raw,2025-03,20,27159,0.5974881725110044,0.5960150005132206,False,,,
log_hl,raw,2025-04,20,28516,0.6029758889630463,0.5919772345728374,False,,,
log_hl,raw,2025-05,20,29680,0.43881691192172306,0.4259439003522733,False,,,
log_hl,raw,2025-06,20,19358,0.3694526611086853,0.36606696188446397,False,,,
log_hl,raw,2019-12,60,4566,0.30033314616403295,0.31265464079675676,False,,,
log_hl,raw,2020-01,60,27063,0.4008375314417637,0.3964895769825177,False,,,
log_hl,raw,2020-02,60,25308,0.674921884415617,0.685832452506658,False,,,
log_hl,raw,2020-03,60,22689,0.44067234338716627,0.44331192804035274,False,,,
log_hl,raw,2020-04,60,26730,0.36842100218556284,0.37563162577913295,False,,,
log_hl,raw,2020-05,60,26581,0.37706102828565374,0.3894217244112371,False,,,
log_hl,raw,2020-06,60,25608,0.40910163046506004,0.41822765909191356,False,,,
log_hl,raw,2020-07,60,29004,0.4548213416329039,0.4740754090233069,False,,,
log_hl,raw,2020-08,60,26775,0.41850051546388206,0.4267657691358963,False,,,
log_hl,raw,2020-09,60,25924,0.5203157310733738,0.5292293387635489,False,,,
log_hl,raw,2020-10,60,26903,0.39021698961648943,0.40416105704879346,False,,,
log_hl,raw,2020-11,60,26194,0.4755229756285381,0.48500328618233374,False,,,
log_hl,raw,2020-12,60,25827,0.43422724573981386,0.4457413609679388,False,,,
log_hl,raw,2021-01,60,25306,0.44475942526354767,0.46984607444278964,False,,,
log_hl,raw,2021-02,60,25244,0.5490009896069552,0.5616783501255308,False,,,
log_hl,raw,2021-03,60,27765,0.5219775247532036,0.5317366825967651,False,,,
log_hl,raw,2021-04,60,27498,0.42539644411469885,0.44314740438368033,False,,,
log_hl,raw,2021-05,60,26479,0.46763672643225573,0.47593125067658115,False,,,
log_hl,raw,2021-06,60,25891,0.38437628971843424,0.3877231850465721,False,,,
log_hl,raw,2021-07,60,28678,0.4633460360557351,0.4718844543228012,False,,,
log_hl,raw,2021-08,60,28842,0.4658047637090951,0.4650200201940773,False,,,
log_hl,raw,2021-09,60,26776,0.48613369805745377,0.4874684595484228,False,,,
log_hl,raw,2021-10,60,27609,0.40183129080172814,0.4064625767621279,False,,,
log_hl,raw,2021-11,60,28560,0.500437407054816,0.4992855475746159,False,,,
log_hl,raw,2021-12,60,27416,0.4752927210168851,0.4770400566123828,False,,,
log_hl,raw,2022-01,60,27480,0.5467801085092466,0.5507532689366782,False,,,
log_hl,raw,2022-02,60,26099,0.4042034785145131,0.40085016357870523,False,,,
log_hl,raw,2022-03,60,28780,0.4129295547710374,0.4109442174082475,False,,,
log_hl,raw,2022-04,60,26400,0.4505273319479968,0.46375161165724293,False,,,
log_hl,raw,2022-05,60,28739,0.460893929587495,0.4588898285079258,False,,,
log_hl,raw,2022-06,60,27707,0.3839610982309369,0.3818371130066207,False,,,
log_hl,raw,2022-07,60,27358,0.37376960409901605,0.37894107376788927,False,,,
log_hl,raw,2022-08,60,30238,0.41565364565735446,0.41183240934012344,False,,,
log_hl,raw,2022-09,60,27269,0.38521529914975206,0.3844726766895561,False,,,
log_hl,raw,2022-10,60,27720,0.3499309105721484,0.36308577147114895,False,,,
log_hl,raw,2022-11,60,27867,0.3733181864935223,0.37362984478661,False,,,
log_hl,raw,2022-12,60,26427,0.3859799935814868,0.39651484402973924,False,,,
log_hl,raw,2023-01,60,27480,0.39678685532248015,0.4005711192499014,False,,,
log_hl,raw,2023-02,60,26160,0.46190377815574807,0.4731921547387575,False,,,
log_hl,raw,2023-03,60,28841,0.5040056167446562,0.4955127315227924,False,,,
log_hl,raw,2023-04,60,25638,0.44438108964163014,0.46972023807246094,False,,,
log_hl,raw,2023-05,60,30120,0.4623018438628505,0.46645724762932506,False,,,
log_hl,raw,2023-06,60,27536,0.488706333427523,0.4892679140823801,False,,,
log_hl,raw,2023-07,60,27191,0.4593183806764946,0.47018983450608753,False,,,
log_hl,raw,2023-08,60,30345,0.4556661358289639,0.46341041490560503,False,,,
log_hl,raw,2023-09,60,26087,0.4700056792094172,0.46961358815583754,False,,,
log_hl,raw,2023-10,60,28965,0.47673886992248443,0.4864762263768209,False,,,
log_hl,raw,2023-11,60,28560,0.45918385179661514,0.46757298699274646,False,,,
log_hl,raw,2023-12,60,24897,0.47376775558057665,0.47618145005001067,False,,,
log_hl,raw,2024-01,60,28800,0.4687050162335326,0.4726135308637627,False,,,
log_hl,raw,2024-02,60,27438,0.466107571691016,0.4975818871067426,False,,,
log_hl,raw,2024-03,60,25327,0.4690139702943895,0.47698143959093436,False,,,
log_hl,raw,2024-04,60,29015,0.4356826286032063,0.45164465524454595,False,,,
log_hl,raw,2024-05,60,30120,0.45583710338991035,0.4748332844172558,False,,,
log_hl,raw,2024-06,60,24479,0.45471446207814353,0.4596034746464825,False,,,
log_hl,raw,2024-07,60,29741,0.5116461258871351,0.5307077299185107,False,,,
log_hl,raw,2024-08,60,28910,0.5424280326911718,0.5569569948479103,False,,,
log_hl,raw,2024-09,60,25965,0.42178870008476005,0.4226651101685985,False,,,
log_hl,raw,2024-10,60,30321,0.41140079507659527,0.4180811886638505,False,,,
log_hl,raw,2024-11,60,27179,0.42568281878798997,0.4351394454256772,False,,,
log_hl,raw,2024-12,60,27480,0.5408723971289713,0.5490370334924816,False,,,
log_hl,raw,2025-01,60,28251,0.45179565553431184,0.457330513782002,False,,,
log_hl,raw,2025-02,60,26160,0.4477889157871371,0.4419299187991546,False,,,
log_hl,raw,2025-03,60,26279,0.5003009947283751,0.5015082731164715,False,,,
log_hl,raw,2025-04,60,27628,0.5232690585055374,0.5151083643718762,False,,,
log_hl,raw,2025-05,60,28800,0.32268274585889234,0.3174599833266916,False,,,
log_hl,raw,2025-06,60,18381,0.2775347829555281,0.2758320512564528,False,,,
log_hl,adjusted,2019-12,1,7406,0.4216015046728936,0.42238955438232434,False,50.0,0.27629338025865985,0.46140307586317847
log_hl,adjusted,2020-01,1,29704,0.6495837690329095,0.6464924961663686,False,50.0,0.5609556398669022,0.6900703424416352
log_hl,adjusted,2020-02,1,27039,0.7672652656776069,0.7659960613600308,False,50.0,0.6475336026306509,0.7911066470623778
log_hl,adjusted,2020-03,1,26015,0.6387758045772655,0.636783931952786,False,50.0,0.5713411114311838,0.6834791986426182
log_hl,adjusted,2020-04,1,28612,0.5317024398385793,0.5303422448555548,False,50.0,0.4832507904010497,0.5585243652295215
log_hl,adjusted,2020-05,1,28400,0.46591534957897973,0.46528572004081714,False,50.0,0.42707061206712693,0.48721703947593
log_hl,adjusted,2020-06,1,28718,0.5302749205485214,0.530058277593409,False,50.0,0.46569835707273843,0.5721618756225605
log_hl,adjusted,2020-07,1,31117,0.4890682984128715,0.48389869816476877,False,50.0,0.4487441938128972,0.522914620520902
log_hl,adjusted,2020-08,1,28623,0.4762234114332101,0.4741502368257716,False,50.0,0.43444671563861137,0.5137463510649326
log_hl,adjusted,2020-09,1,28884,0.5240607368348341,0.5238328377672028,False,50.0,0.4504239778058391,0.5684451402367687
log_hl,adjusted,2020-10,1,29080,0.6669803349499841,0.6650240257960068,False,50.0,0.6010699428809018,0.7188477636363999
log_hl,adjusted,2020-11,1,28161,0.6981697888628532,0.6955698613707031,False,50.0,0.5816776418825726,0.7370928162472569
log_hl,adjusted,2020-12,1,28295,0.5515953048203295,0.5507745641102905,False,50.0,0.4697627035069241,0.6220397669949315
log_hl,adjusted,2021-01,1,27037,0.6356324785514665,0.6335001541388459,False,50.0,0.5660333913687161,0.6979432582724087
log_hl,adjusted,2021-02,1,27034,0.6981005837747704,0.6979964728010672,False,50.0,0.6210770109674222,0.7334555557272955
log_hl,adjusted,2021-03,1,30481,0.5198888065629714,0.5194133232264082,False,50.0,0.46380552582592477,0.5564195194579583
log_hl,adjusted,2021-04,1,29523,0.4555503106678651,0.4510941825620753,False,50.0,0.40288758098988836,0.4855756481659343
log_hl,adjusted,2021-05,1,28386,0.5496412864331178,0.549591974067304,False,50.0,0.4849273895278436,0.5916124724071027
log_hl,adjusted,2021-06,1,28921,0.49198318890815573,0.4917917232583325,False,50.0,0.4156661557982723,0.535766100682887
log_hl,adjusted,2021-07,1,30094,0.5543510856317299,0.554459807670729,False,50.0,0.48649132024700154,0.5830430887711798
log_hl,adjusted,2021-08,1,30319,0.5408725186558796,0.5409726577740339,False,50.0,0.48114573342589845,0.5786360489387832
log_hl,adjusted,2021-09,1,29016,0.6158102766121176,0.615789193107575,False,50.0,0.5529606451383056,0.6464751769618013
log_hl,adjusted,2021-10,1,28848,0.5694774524003897,0.5695095356773426,False,50.0,0.5191983808942222,0.5958171857417299
log_hl,adjusted,2021-11,1,29858,0.642977895284564,0.6429068430169779,False,50.0,0.48327749970708206,0.6857926720734434
log_hl,adjusted,2021-12,1,29522,0.5657949388240718,0.5656289065316203,False,50.0,0.49855766080409447,0.604930303992175
log_hl,adjusted,2022-01,1,28719,0.6281848716552488,0.6282171021878658,False,50.0,0.5762107249276314,0.6690521571783866
log_hl,adjusted,2022-02,1,27338,0.6025239099512527,0.6018316731935134,False,50.0,0.5313340905964493,0.650435155469852
log_hl,adjusted,2022-03,1,30871,0.5443489502341795,0.544159882256515,False,50.0,0.48492333896683193,0.5762844220578754
log_hl,adjusted,2022-04,1,27580,0.5159855233669564,0.5153486412299813,False,50.0,0.4637113842697413,0.5519947573827474
log_hl,adjusted,2022-05,1,30096,0.4896802118977809,0.48939205725369567,False,50.0,0.43781633445197604,0.5329562557403462
log_hl,adjusted,2022-06,1,29327,0.4817497445907021,0.48157363976507594,False,50.0,0.4121657998782362,0.5414111276472425
log_hl,adjusted,2022-07,1,28715,0.5179991129933061,0.5175199113092478,False,50.0,0.4437589556588728,0.5631926735546363
log_hl,adjusted,2022-08,1,31713,0.4651525329051943,0.4644663625999702,False,50.0,0.41680562336402355,0.5432020135615317
log_hl,adjusted,2022-09,1,29259,0.5167963695591328,0.5168212398146516,False,50.0,0.4270313751159653,0.5801635402486349
log_hl,adjusted,2022-10,1,28959,0.503142725130842,0.5030633589318045,False,50.0,0.4386398158405189,0.5378649798080106
log_hl,adjusted,2022-11,1,29224,0.5124694728874091,0.5123523374885086,False,50.0,0.42735957665460733,0.5748997242117804
log_hl,adjusted,2022-12,1,28195,0.45198532554517384,0.4434101112692599,False,50.0,0.36598011923990975,0.529065034337073
log_hl,adjusted,2023-01,1,28719,0.4932963227921639,0.4932330231261686,False,50.0,0.40304579391639944,0.5530426121140807
log_hl,adjusted,2023-02,1,27340,0.5758040700220377,0.5758411062765939,False,50.0,0.4700356511195468,0.6421332814696543
log_hl,adjusted,2023-03,1,30862,0.6522981301701086,0.6522820337298382,False,50.0,0.5070749901512941,0.7163428386591969
log_hl,adjusted,2023-04,1,26818,0.4404740590652863,0.44040340566317737,False,50.0,0.3869303251715393,0.49014894413251975
log_hl,adjusted,2023-05,1,31477,0.5134870840987833,0.5136508020695459,False,50.0,0.4014576061425145,0.5892261705685203
log_hl,adjusted,2023-06,1,29308,0.4260676147577716,0.4265718230839201,False,50.0,0.36685694628036514,0.4903506292820361
log_hl,adjusted,2023-07,1,28477,0.5581806239574061,0.5581753330475234,False,50.0,0.4733580245241821,0.6115071553030593
log_hl,adjusted,2023-08,1,31715,0.47826848106706604,0.47775883738339325,False,50.0,0.3899555169174464,0.5267791017047214
log_hl,adjusted,2023-09,1,27930,0.42790145373203653,0.4280629722818679,False,50.0,0.3770872533525185,0.46624752121483204
log_hl,adjusted,2023-10,1,30333,0.46254794094617024,0.46213974388299595,False,50.0,0.4231546463753036,0.49121482810579664
log_hl,adjusted,2023-11,1,29858,0.508280510231251,0.5082926335095526,False,50.0,0.37805913025443594,0.5665531041931327
log_hl,adjusted,2023-12,1,26799,0.5196288804525371,0.5228581957496776,False,50.0,0.4744063873439234,0.5647102610736212
log_hl,adjusted,2024-01,1,30098,0.490200347578841,0.49003801331629193,False,50.0,0.4127387662686772,0.5280724720213162
log_hl,adjusted,2024-02,1,28709,0.6015237122605641,0.6020541415021681,False,50.0,0.4413810904824036,0.6546560880577288
log_hl,adjusted,2024-03,1,26817,0.5658846905763282,0.5685345263642901,False,50.0,0.47962875320551923,0.6173025084604485
log_hl,adjusted,2024-04,1,30313,0.6171030335753731,0.6168749468656922,False,50.0,0.5027729091805397,0.663889207577256
log_hl,adjusted,2024-05,1,31477,0.5250735047645914,0.5250285001444256,False,50.0,0.46025863660724897,0.605607213632029
log_hl,adjusted,2024-06,1,26470,0.4965426262333245,0.4972021364309939,False,50.0,0.4095972582631108,0.5422593751080814
log_hl,adjusted,2024-07,1,31216,0.6228516729900018,0.6228708106867847,False,50.0,0.5886269634288944,0.6751343492157011
log_hl,adjusted,2024-08,1,30326,0.7203273734761306,0.7202490250618201,False,50.0,0.6216698137145955,0.7627336945389035
log_hl,adjusted,2024-09,1,27925,0.5450575588047504,0.5450815071447065,False,50.0,0.48750247250797646,0.5887054343795857
log_hl,adjusted,2024-10,1,31714,0.49912618187097674,0.49915269028470355,False,50.0,0.43714479334323236,0.5389110994818096
log_hl,adjusted,2024-11,1,28477,0.5807209632361287,0.58069035688085,False,50.0,0.5014938767741582,0.6443199904418836
log_hl,adjusted,2024-12,1,28719,0.6299216167654198,0.6296469515994784,False,50.0,0.5468627433608553,0.7155823224694764
log_hl,adjusted,2025-01,1,29628,0.602467141258411,0.6024349225372142,False,50.0,0.5218938708296597,0.642272358579195
log_hl,adjusted,2025-02,1,27340,0.6444344592105268,0.6411511153259537,False,50.0,0.5722837562153154,0.6828701900397987
log_hl,adjusted,2025-03,1,27577,0.5566723676307302,0.5565422655226272,False,50.0,0.488498224853611,0.5916090171945906
log_hl,adjusted,2025-04,1,28953,0.7333947943356125,0.7313355879133145,False,50.0,0.6259485977431695,0.7669730197263723
log_hl,adjusted,2025-05,1,30098,0.5378174928342017,0.537060058858186,False,50.0,0.4870411771745645,0.5666795192415779
log_hl,adjusted,2025-06,1,19948,0.5616003736523383,0.5616448646180995,False,50.0,0.4396390242969183,0.6364483938698035
log_hl,adjusted,2019-12,5,6911,0.31187280251790656,0.31196088033766484,False,,,
log_hl,adjusted,2020-01,5,29441,0.5162526312614062,0.5080471003298217,False,,,
log_hl,adjusted,2020-02,5,26883,0.7076665741011314,0.7042321676839451,False,,,
log_hl,adjusted,2020-03,5,25326,0.5536738841800714,0.5472277545973131,False,,,
log_hl,adjusted,2020-04,5,28436,0.45284545516464825,0.4500389991529826,False,,,
log_hl,adjusted,2020-05,5,28236,0.35964662992088164,0.35807769893800284,False,,,
log_hl,adjusted,2020-06,5,28149,0.4354620790979332,0.43280607423378326,False,,,
log_hl,adjusted,2020-07,5,30929,0.3261424474465217,0.32111588158963267,False,,,
log_hl,adjusted,2020-08,5,28455,0.3478454028189363,0.34529148081839756,False,,,
log_hl,adjusted,2020-09,5,28489,0.4352158241310334,0.4331957243256086,False,,,
log_hl,adjusted,2020-10,5,28888,0.5957732194504715,0.5914694818992566,False,,,
log_hl,adjusted,2020-11,5,27989,0.6062520166743587,0.5944200014766244,False,,,
log_hl,adjusted,2020-12,5,27996,0.41285148070167704,0.41170299299478297,False,,,
log_hl,adjusted,2021-01,5,26881,0.5307142296935883,0.5244305033664647,False,,,
log_hl,adjusted,2021-02,5,26874,0.625395727349363,0.6220134247225593,False,,,
log_hl,adjusted,2021-03,5,30120,0.4348022784186024,0.43228089163928374,False,,,
log_hl,adjusted,2021-04,5,29343,0.2946621082208299,0.2907538217981798,False,,,
log_hl,adjusted,2021-05,5,28214,0.4240211483610659,0.42423534285387265,False,,,
log_hl,adjusted,2021-06,5,28384,0.3795117306154366,0.37871851178009985,False,,,
log_hl,adjusted,2021-07,5,29998,0.4631196955480965,0.46463076668246583,False,,,
log_hl,adjusted,2021-08,5,30217,0.42878272295210806,0.4290378523494333,False,,,
log_hl,adjusted,2021-09,5,28615,0.5069884151487294,0.5067731174660625,False,,,
log_hl,adjusted,2021-10,5,28764,0.4632894016449786,0.4633024041911961,False,,,
log_hl,adjusted,2021-11,5,29770,0.5656901482479704,0.5626533363155041,False,,,
log_hl,adjusted,2021-12,5,29277,0.46843252963689397,0.4680210861128233,False,,,
log_hl,adjusted,2022-01,5,28635,0.5714411771568699,0.5711033222224706,False,,,
log_hl,adjusted,2022-02,5,27254,0.5016716127035276,0.496761398315137,False,,,
log_hl,adjusted,2022-03,5,30638,0.4271621541892233,0.42594598227321767,False,,,
log_hl,adjusted,2022-04,5,27500,0.42202486327669203,0.42158108025538743,False,,,
log_hl,adjusted,2022-05,5,30004,0.371626488009757,0.3700941143001068,False,,,
log_hl,adjusted,2022-06,5,29199,0.33481465469437055,0.3329570632735069,False,,,
log_hl,adjusted,2022-07,5,28623,0.344933923819608,0.3443203904316956,False,,,
log_hl,adjusted,2022-08,5,31613,0.29859051376397205,0.29755396392862354,False,,,
log_hl,adjusted,2022-09,5,29043,0.3973889460216239,0.39719570193876974,False,,,
log_hl,adjusted,2022-10,5,28875,0.34430498769696444,0.3449047098707106,False,,,
log_hl,adjusted,2022-11,5,29132,0.4027176623369828,0.40212310242849647,False,,,
log_hl,adjusted,2022-12,5,27999,0.3323778156491138,0.3625650956925327,False,,,
log_hl,adjusted,2023-01,5,28635,0.33454268036327356,0.3342936806803538,False,,,
log_hl,adjusted,2023-02,5,27260,0.4386573757127478,0.4386591634360672,False,,,
log_hl,adjusted,2023-03,5,30635,0.5586024130029305,0.5591408457905435,False,,,
log_hl,adjusted,2023-04,5,26738,0.2845223746331579,0.2848829214868271,False,,,
log_hl,adjusted,2023-05,5,31385,0.35773426778788414,0.35853747350473836,False,,,
log_hl,adjusted,2023-06,5,29155,0.3134841054883453,0.3139406239897334,False,,,
log_hl,adjusted,2023-07,5,28389,0.4243150490457722,0.42371701474406787,False,,,
log_hl,adjusted,2023-08,5,31619,0.32701574924548105,0.3263553659262537,False,,,
log_hl,adjusted,2023-09,5,27780,0.3308423901327635,0.3311160106682544,False,,,
log_hl,adjusted,2023-10,5,30237,0.31929444781542543,0.3154006893178148,False,,,
log_hl,adjusted,2023-11,5,29770,0.3373626723566041,0.3374573193668776,False,,,
log_hl,adjusted,2023-12,5,26585,0.3910228970004762,0.3940813041787772,False,,,
log_hl,adjusted,2024-01,5,30010,0.369116748731282,0.36912117728988036,False,,,
log_hl,adjusted,2024-02,5,28621,0.3712356790984745,0.3725210945882233,False,,,
log_hl,adjusted,2024-03,5,26713,0.40625269330379477,0.408145716589588,False,,,
log_hl,adjusted,2024-04,5,30225,0.5071262000827214,0.5060646393310758,False,,,
log_hl,adjusted,2024-05,5,31385,0.3963953511863455,0.39664925223349057,False,,,
log_hl,adjusted,2024-06,5,26200,0.3647149690332576,0.3652507231826656,False,,,
log_hl,adjusted,2024-07,5,31116,0.5190669362806751,0.518144125842647,False,,,
log_hl,adjusted,2024-08,5,30230,0.6351090649911509,0.6350356776630536,False,,,
log_hl,adjusted,2024-09,5,27766,0.42254604304478605,0.42230770492971653,False,,,
log_hl,adjusted,2024-10,5,31618,0.36293080404895817,0.3627338404223248,False,,,
log_hl,adjusted,2024-11,5,28389,0.4694745345346991,0.46932957814979126,False,,,
log_hl,adjusted,2024-12,5,28635,0.5693556723176664,0.568412544551725,False,,,
log_hl,adjusted,2025-01,5,29532,0.48737335823277,0.48589883631786507,False,,,
log_hl,adjusted,2025-02,5,27260,0.5005618724902969,0.49740755376705204,False,,,
log_hl,adjusted,2025-03,5,27489,0.466760756723619,0.4662829795085266,False,,,
log_hl,adjusted,2025-04,5,28861,0.6380901716270637,0.6453420391675535,False,,,
log_hl,adjusted,2025-05,5,30010,0.4085413398061902,0.4059843087062917,False,,,
log_hl,adjusted,2025-06,5,19809,0.4145993661410985,0.4142632435755209,False,,,
log_hl,adjusted,2019-12,20,5798,0.23012735935009196,0.2363618917753085,False,,,
log_hl,adjusted,2020-01,20,28563,0.4454588470257364,0.4337686242944315,False,,,
log_hl,adjusted,2020-02,20,26298,0.6745391394635011,0.6667010270381012,False,,,
log_hl,adjusted,2020-03,20,24201,0.5005182462585023,0.4895759615038701,False,,,
log_hl,adjusted,2020-04,20,27790,0.39242737887205126,0.37945401182423305,False,,,
log_hl,adjusted,2020-05,20,27621,0.3129037334629974,0.30845364901702027,False,,,
log_hl,adjusted,2020-06,20,27068,0.38540147484526105,0.37825008308373237,False,,,
log_hl,adjusted,2020-07,20,30224,0.2577622416908454,0.25410429749122837,False,,,
log_hl,adjusted,2020-08,20,27825,0.2735475173582992,0.27012613633214283,False,,,
log_hl,adjusted,2020-09,20,27372,0.39077662863267965,0.3819059871201998,False,,,
log_hl,adjusted,2020-10,20,28168,0.519715517381048,0.5170963571637264,False,,,
log_hl,adjusted,2020-11,20,27344,0.5512857008162787,0.5381706714131506,False,,,
log_hl,adjusted,2020-12,20,27145,0.36469666270976453,0.36178371126790354,False,,,
log_hl,adjusted,2021-01,20,26296,0.4512522425506471,0.44836355604944594,False,,,
log_hl,adjusted,2021-02,20,26274,0.5920035709336422,0.5856661406041189,False,,,
log_hl,adjusted,2021-03,20,29149,0.40343115334679114,0.3997592443393498,False,,,
log_hl,adjusted,2021-04,20,28668,0.21306869603525533,0.21137260865797308,False,,,
log_hl,adjusted,2021-05,20,27569,0.3552318098013489,0.3533858713277593,False,,,
log_hl,adjusted,2021-06,20,27306,0.293412759851372,0.29137242042730144,False,,,
log_hl,adjusted,2021-07,20,29638,0.4012929058103775,0.4067983805180686,False,,,
log_hl,adjusted,2021-08,20,29842,0.36313428697164013,0.3646571590441123,False,,,
log_hl,adjusted,2021-09,20,27936,0.4361985329296274,0.4367146250208827,False,,,
log_hl,adjusted,2021-10,20,28449,0.402497722930698,0.4026687967460767,False,,,
log_hl,adjusted,2021-11,20,29440,0.5015907324499865,0.4954862665923601,False,,,
log_hl,adjusted,2021-12,20,28662,0.42450767912160753,0.42364631259230223,False,,,
log_hl,adjusted,2022-01,20,28320,0.5410432871578523,0.5412789150377686,False,,,
log_hl,adjusted,2022-02,20,26939,0.44753629627284536,0.44128538702904724,False,,,
log_hl,adjusted,2022-03,20,30008,0.3756007512430618,0.37611348071826417,False,,,
log_hl,adjusted,2022-04,20,27200,0.36043801038223744,0.3636366869160444,False,,,
log_hl,adjusted,2022-05,20,29659,0.2964291524967966,0.29465602131953456,False,,,
log_hl,adjusted,2022-06,20,28751,0.2644665752156311,0.26179163711937864,False,,,
log_hl,adjusted,2022-07,20,28278,0.2513123928778205,0.25106153520145086,False,,,
log_hl,adjusted,2022-08,20,31238,0.21681990312612767,0.2159745579597236,False,,,
log_hl,adjusted,2022-09,20,28404,0.3161936244264797,0.3157854559319919,False,,,
log_hl,adjusted,2022-10,20,28560,0.22564057614113933,0.22766078154592678,False,,,
log_hl,adjusted,2022-11,20,28787,0.3023125318994126,0.30183042659472936,False,,,
log_hl,adjusted,2022-12,20,27449,0.2613848324507911,0.2836390916427998,False,,,
log_hl,adjusted,2023-01,20,28320,0.22687424532334077,0.2249064578605977,False,,,
log_hl,adjusted,2023-02,20,26960,0.33203692848299526,0.3384064526191206,False,,,
log_hl,adjusted,2023-03,20,29981,0.5033364654434545,0.48505390532323545,False,,,
log_hl,adjusted,2023-04,20,26438,0.2125754911941814,0.21107596661102754,False,,,
log_hl,adjusted,2023-05,20,31040,0.25677575224987303,0.2581390707910958,False,,,
log_hl,adjusted,2023-06,20,28682,0.2345034645029628,0.23534029040031432,False,,,
log_hl,adjusted,2023-07,20,28059,0.3343195659014761,0.33039591239677935,False,,,
log_hl,adjusted,2023-08,20,31265,0.21339040130172557,0.21409887084890902,False,,,
log_hl,adjusted,2023-09,20,27248,0.26078940636914183,0.26055654479543955,False,,,
log_hl,adjusted,2023-10,20,29885,0.2516722853615589,0.24724822764681187,False,,,
log_hl,adjusted,2023-11,20,29440,0.2316691274918154,0.23316168619754463,False,,,
log_hl,adjusted,2023-12,20,26012,0.30422185256986367,0.3068673084980504,False,,,
log_hl,adjusted,2024-01,20,29680,0.2794031533408344,0.28110736137647824,False,,,
log_hl,adjusted,2024-02,20,28291,0.22385575632701868,0.22697965427265002,False,,,
log_hl,adjusted,2024-03,20,26327,0.3127031472154477,0.31372686950205975,False,,,
log_hl,adjusted,2024-04,20,29895,0.4391160909954133,0.4395019409951571,False,,,
log_hl,adjusted,2024-05,20,31040,0.29045411175945474,0.2910773654478835,False,,,
log_hl,adjusted,2024-06,20,25509,0.28071913921182085,0.28162699467015545,False,,,
log_hl,adjusted,2024-07,20,30741,0.4594153333099834,0.45856678632711084,False,,,
log_hl,adjusted,2024-08,20,29870,0.5562696959361758,0.5563506024439683,False,,,
log_hl,adjusted,2024-09,20,27216,0.3536001798500107,0.35345135741052675,False,,,
log_hl,adjusted,2024-10,20,31258,0.28268033551805444,0.2833566223151943,False,,,
log_hl,adjusted,2024-11,20,28059,0.3547400221165359,0.3554314032425936,False,,,
log_hl,adjusted,2024-12,20,28320,0.5063252023861486,0.5076758500770069,False,,,
log_hl,adjusted,2025-01,20,29172,0.37933975393864,0.38768065354939746,False,,,
log_hl,adjusted,2025-02,20,26960,0.3843930582634003,0.37724363031692726,False,,,
log_hl,adjusted,2025-03,20,27159,0.3908300297323047,0.38828900810291483,False,,,
log_hl,adjusted,2025-04,20,28516,0.5668059411938935,0.5647248489677029,False,,,
log_hl,adjusted,2025-05,20,29680,0.30541105738894414,0.29599053120728264,False,,,
log_hl,adjusted,2025-06,20,19358,0.3329565077177019,0.3301320871203826,False,,,
log_hl,adjusted,2019-12,60,4566,0.14362669714871784,0.14246714948899591,False,,,
log_hl,adjusted,2020-01,60,27063,0.3993457153016571,0.36358778717255796,False,,,
log_hl,adjusted,2020-02,60,25308,0.6596933956646784,0.6282062241773503,False,,,
log_hl,adjusted,2020-03,60,22689,0.4213308575302974,0.4025791655131955,False,,,
log_hl,adjusted,2020-04,60,26730,0.34282479090699186,0.32640207508529234,False,,,
log_hl,adjusted,2020-05,60,26581,0.28075147300397296,0.2721774701033538,False,,,
log_hl,adjusted,2020-06,60,25608,0.3151176686583923,0.30470539077609843,False,,,
log_hl,adjusted,2020-07,60,29004,0.19900459667165898,0.19853307558630626,False,,,
log_hl,adjusted,2020-08,60,26775,0.20919474189580922,0.20496666521975107,False,,,
log_hl,adjusted,2020-09,60,25924,0.3496175687838247,0.3327289807552108,False,,,
log_hl,adjusted,2020-10,60,26903,0.43260797361971776,0.4339828593658436,False,,,
log_hl,adjusted,2020-11,60,26194,0.4868092742069405,0.47119126524691707,False,,,
log_hl,adjusted,2020-12,60,25827,0.2731650682101859,0.26647998571290193,False,,,
log_hl,adjusted,2021-01,60,25306,0.3962837974566636,0.40201362648756706,False,,,
log_hl,adjusted,2021-02,60,25244,0.5359157945204003,0.5184205285058535,False,,,
log_hl,adjusted,2021-03,60,27765,0.3628034308742573,0.3547601190527265,False,,,
log_hl,adjusted,2021-04,60,27498,0.1527876246862178,0.15237248848703822,False,,,
log_hl,adjusted,2021-05,60,26479,0.3033740906962284,0.301040818736862,False,,,
log_hl,adjusted,2021-06,60,25891,0.20842859745480927,0.20265804166872628,False,,,
log_hl,adjusted,2021-07,60,28678,0.3101218347213794,0.3322840266821565,False,,,
log_hl,adjusted,2021-08,60,28842,0.2812800632037924,0.2839542170928996,False,,,
log_hl,adjusted,2021-09,60,26776,0.3833442132781018,0.384993298846729,False,,,
log_hl,adjusted,2021-10,60,27609,0.35946889110674973,0.3680741147732408,False,,,
log_hl,adjusted,2021-11,60,28560,0.4270352810712324,0.4141499634786093,False,,,
log_hl,adjusted,2021-12,60,27416,0.38543009507360637,0.37971266506678464,False,,,
log_hl,adjusted,2022-01,60,27480,0.49154126484455046,0.49660803631406225,False,,,
log_hl,adjusted,2022-02,60,26099,0.36734948411757856,0.36339633854108966,False,,,
log_hl,adjusted,2022-03,60,28780,0.29754884337274606,0.2971294682722735,False,,,
log_hl,adjusted,2022-04,60,26400,0.26409519382923874,0.2901079085986005,False,,,
log_hl,adjusted,2022-05,60,28739,0.23994871796158176,0.24049579941475002,False,,,
log_hl,adjusted,2022-06,60,27707,0.18908049713095207,0.18716659369937738,False,,,
log_hl,adjusted,2022-07,60,27358,0.18345435690706352,0.1931173815369816,False,,,
log_hl,adjusted,2022-08,60,30238,0.1567449272347441,0.15596320096981123,False,,,
log_hl,adjusted,2022-09,60,27269,0.24624481952418845,0.24429190845844517,False,,,
log_hl,adjusted,2022-10,60,27720,0.12821874734814015,0.1443745245023475,False,,,
log_hl,adjusted,2022-11,60,27867,0.19803609075949416,0.20018537168067893,False,,,
log_hl,adjusted,2022-12,60,26427,0.14963160665188818,0.16204435208751683,False,,,
log_hl,adjusted,2023-01,60,27480,0.12620557829924656,0.1259579835214247,False,,,
log_hl,adjusted,2023-02,60,26160,0.1760377306755248,0.19439114321720968,False,,,
log_hl,adjusted,2023-03,60,28841,0.3993643581670614,0.36608368586415424,False,,,
log_hl,adjusted,2023-04,60,25638,0.1180244491930183,0.12953177087502293,False,,,
log_hl,adjusted,2023-05,60,30120,0.16542769877068286,0.18151619137745506,False,,,
log_hl,adjusted,2023-06,60,27536,0.16581137395555381,0.16503052229768939,False,,,
log_hl,adjusted,2023-07,60,27191,0.20710074505458642,0.20985617445035454,False,,,
log_hl,adjusted,2023-08,60,30345,0.11849675583942751,0.13548455477425092,False,,,
log_hl,adjusted,2023-09,60,26087,0.1947494972429437,0.19394011372824124,False,,,
log_hl,adjusted,2023-10,60,28965,0.15638318697022197,0.1661270744744079,False,,,
log_hl,adjusted,2023-11,60,28560,0.14458188763519506,0.1690290164914344,False,,,
log_hl,adjusted,2023-12,60,24897,0.22097308448275332,0.22414349559449226,False,,,
log_hl,adjusted,2024-01,60,28800,0.1662788687351159,0.17065923198608582,False,,,
log_hl,adjusted,2024-02,60,27438,0.1262439909033288,0.18989597590416096,False,,,
log_hl,adjusted,2024-03,60,25327,0.20064843760311615,0.2165164854379367,False,,,
log_hl,adjusted,2024-04,60,29015,0.3246170572525845,0.34570602828539976,False,,,
log_hl,adjusted,2024-05,60,30120,0.23911843633946173,0.3083721849990376,False,,,
log_hl,adjusted,2024-06,60,24479,0.2143970638089723,0.2209081708347585,False,,,
log_hl,adjusted,2024-07,60,29741,0.38264215383850503,0.40248574161638867,False,,,
log_hl,adjusted,2024-08,60,28910,0.48777854881853033,0.5068623195629209,False,,,
log_hl,adjusted,2024-09,60,25965,0.29200509656365103,0.2989076812738296,False,,,
log_hl,adjusted,2024-10,60,30321,0.19870291928271003,0.19768732552034596,False,,,
log_hl,adjusted,2024-11,60,27179,0.3143447039666205,0.3438036747395022,False,,,
log_hl,adjusted,2024-12,60,27480,0.4269935753843133,0.45788162662010523,False,,,
log_hl,adjusted,2025-01,60,28251,0.27412662985326053,0.2852759444077508,False,,,
log_hl,adjusted,2025-02,60,26160,0.3129182558035545,0.3408530986356719,False,,,
log_hl,adjusted,2025-03,60,26279,0.3388897117635183,0.33862241957875755,False,,,
log_hl,adjusted,2025-04,60,27628,0.513918037781622,0.5126683405072889,False,,,
log_hl,adjusted,2025-05,60,28800,0.17345232811774244,0.1705496065505451,False,,,
log_hl,adjusted,2025-06,60,18381,0.23659079528432117,0.23142002142670434,False,,,
