year_ny,hour_ny,n,zero_fraction,sigma_delta_close_points,tick_to_sigma_points,sigma_r_1m,tick_return_representative,tick_to_sigma_return,close_representative,median_range_points,tick_to_median_range,median_abs_ticks,prop_0_ticks,prop_abs_1_tick,prop_abs_le_2_ticks,prop_abs_le_5_ticks,n_distinct_r1m_central,n_distinct_ticks_central
2019,0,317,0.30914826498422715,0.35901713540992597,0.6963455928490707,4.091200020186868e-05,2.858327021393577e-05,0.6986524753837436,8746.25,0.25,1.0,1.0,0.30914826498422715,0.4195583596214511,0.9274447949526814,1.0,152,11
2019,1,316,0.31329113924050633,0.473745607412349,0.5277093783845885,5.393633532967702e-05,2.8609029011606214e-05,0.5304221882472773,8738.375,0.25,1.0,1.0,0.31329113924050633,0.37658227848101267,0.8607594936708861,0.9841772151898734,166,11
2019,2,347,0.2132564841498559,0.5879028473807455,0.42524032859138655,6.707806981188067e-05,2.8602073652219443e-05,0.42639977167550414,8740.5,0.5,0.5,1.0,0.2132564841498559,0.3400576368876081,0.760806916426513,0.9740634005763689,217,10
2019,3,349,0.1977077363896848,0.7140367924605748,0.3501220142151199,8.133979900357591e-05,2.8611075349223186e-05,0.35174755408438335,8737.75,0.75,0.3333333333333333,1.0,0.1977077363896848,0.33810888252148996,0.7421203438395415,0.9340974212034384,210,11
2019,4,340,0.22941176470588234,0.6032417738259709,0.4144275327857557,6.880178598054715e-05,2.8604118995119272e-05,0.4157467511556565,8739.875,0.5,0.5,1.0,0.22941176470588234,0.31470588235294117,0.7441176470588236,0.9676470588235294,206,11
2019,5,343,0.21865889212827988,0.6257495122239318,0.39952088673867725,7.128690465277139e-05,2.860125559712368e-05,0.4012133187215299,8740.75,0.5,0.5,1.0,0.21865889212827988,0.3294460641399417,0.7755102040816326,0.9708454810495627,201,11
2019,6,343,0.2099125364431487,0.7720241597632456,0.32382406280739556,8.809094250612759e-05,2.8603709903181216e-05,0.32470659399735163,8740.0,0.5,0.5,1.0,0.2099125364431487,0.3236151603498542,0.7113702623906706,0.9446064139941691,215,11
2019,7,354,0.19491525423728814,0.9852784455061496,0.25373537921208855,0.00011268638112086685,2.861435009858578e-05,0.25392908898098493,8736.75,0.75,0.3333333333333333,2.0,0.19491525423728814,0.2711864406779661,0.652542372881356,0.903954802259887,215,11
2019,8,354,0.1497175141242938,1.051573185790786,0.23773904030464538,0.0001201907953729705,2.860575547988398e-05,0.23800288026313435,8739.375,1.0,0.25,2.0,0.1497175141242938,0.23163841807909605,0.5903954802259888,0.867231638418079,232,11
2019,9,360,0.075,2.791686154812173,0.08955161366153647,0.00031943194487474676,2.861271263020568e-05,0.0895737357809504,8737.25,2.25,0.1111111111111111,4.0,0.075,0.175,0.38055555555555554,0.6083333333333333,185,11
2019,10,360,0.075,2.143330149266022,0.11664091977878997,0.000245387037494235,2.8652884631202445e-05,0.11676608888468937,8725.0,2.5,0.1,5.0,0.075,0.1111111111111111,0.3055555555555556,0.5833333333333334,167,11
2019,11,360,0.10833333333333334,1.3829189048755122,0.18077704999087024,0.00015824485834649283,2.8628276150213442e-05,0.18091125644998202,8732.5,1.5,0.16666666666666666,3.0,0.10833333333333334,0.14166666666666666,0.4111111111111111,0.725,202,11
2019,12,360,0.11388888888888889,1.1434383470401428,0.21863881043270908,0.0001304844976896565,2.861516890304993e-05,0.21929937586231943,8736.5,1.25,0.2,2.0,0.11388888888888889,0.2222222222222222,0.5138888888888888,0.8416666666666667,238,11
2019,13,301,0.14950166112956811,1.068392801498856,0.23399633510191495,0.00012189891877803303,2.858327021393577e-05,0.23448337770725708,8746.25,1.25,0.2,2.0,0.14950166112956811,0.21262458471760798,0.5514950166112956,0.8073089700996677,178,11
2019,14,300,0.10666666666666667,1.0157137052849485,0.24613234880971202,0.00011605376815539888,2.861926362833372e-05,0.24660348460217005,8735.25,1.0,0.25,2.0,0.10666666666666667,0.27666666666666667,0.5666666666666667,0.8633333333333333,200,11
2019,15,300,0.07666666666666666,1.6196300949198623,0.1543562328115234,0.00018502777500475123,2.8605346341096523e-05,0.15460028279733667,8739.5,1.75,0.14285714285714285,4.0,0.07666666666666666,0.12333333333333334,0.38333333333333336,0.68,173,11
2019,16,220,0.1318181818181818,1.4780157868749428,0.16914568993108656,0.00016877097351625957,2.851561943236834e-05,0.16896044881569114,8767.0,1.0,0.25,2.0,0.1318181818181818,0.2409090909090909,0.5545454545454546,0.8272727272727273,145,11
2019,17,5,0.4,0.37080992435478316,0.674199862463242,4.2196022592197624e-05,2.8500990411317505e-05,0.6754425810879048,8771.5,1.75,0.14285714285714285,1.0,0.4,0.2,1.0,1.0,4,4
2019,18,273,0.20512820512820512,0.5593797378548877,0.4469235888999149,6.384315951451757e-05,2.862090184652626e-05,0.4483002104558756,8734.75,0.5,0.5,1.0,0.20512820512820512,0.34798534798534797,0.7509157509157509,0.9706959706959707,175,11
2019,19,298,0.17114093959731544,0.7578053682276299,0.3299000119050422,8.639316849250175e-05,2.8611075349223186e-05,0.3311728907327482,8737.75,0.75,0.3333333333333333,2.0,0.17114093959731544,0.2483221476510067,0.6140939597315436,0.9261744966442953,197,11
2019,20,287,0.18118466898954705,0.6149669224310489,0.4065259299015882,7.01198351280682e-05,2.858327021393577e-05,0.40763458958126103,8746.25,0.75,0.3333333333333333,1.0,0.18118466898954705,0.3240418118466899,0.710801393728223,0.9686411149825784,195,11
2019,21,289,0.20069204152249134,0.4933751083110712,0.5067138487302362,5.620226365302791e-05,2.8577552334651453e-05,0.5084768918041939,8748.0,0.5,0.5,1.0,0.20069204152249134,0.40484429065743943,0.8512110726643599,0.9826989619377162,162,10
2019,22,333,0.3063063063063063,0.4760633096858504,0.5251402385219995,5.430865685332283e-05,2.8584904314043705e-05,0.5263415810714303,8745.75,0.25,1.0,1.0,0.3063063063063063,0.38738738738738737,0.8918918918918919,0.984984984984985,177,11
2019,23,297,0.3333333333333333,0.34685620894576713,0.7207597660132671,3.9519635337342394e-05,2.8579185780866062e-05,0.7231642077896752,8747.5,0.25,1.0,1.0,0.3333333333333333,0.43097643097643096,0.9259259259259259,1.0,142,10
2020,0,15194,0.07272607608266421,3.204902617781297,0.07800549028009812,0.00036311021976570795,2.3871475974512593e-05,0.06574168028075703,10472.625,2.5,0.1,4.0,0.07272607608266421,0.1393313149927603,0.32907726734237197,0.5865473213110438,7208,11
2020,1,15163,0.06100375915056387,3.7723922583103136,0.06627094503475021,0.00043421234286949176,2.3860369121032834e-05,0.05495092323574133,10477.5,3.0,0.08333333333333333,5.0,0.06100375915056387,0.11429136714370507,0.2814086922113038,0.5352502802875421,6740,11
2020,2,15237,0.051191179366016935,4.025786104258842,0.06209967284042422,0.0004422198581493644,2.407115433347652e-05,0.0544325495336445,10385.75,3.5,0.07142857142857142,6.0,0.051191179366016935,0.09857583513815056,0.23777646518343507,0.45717660956881273,5848,11
2020,3,15212,0.03950828293452537,4.554313302872472,0.054893017536215914,0.0004941813028573305,2.4039617290417876e-05,0.04864533957764502,10399.375,4.75,0.05263157894736842,8.0,0.03950828293452537,0.07250854588482777,0.18643176439652906,0.3836444911911649,5037,11
2020,4,15218,0.04415823367065318,4.32844942051629,0.057757403566975354,0.00047791903543095867,2.4083328317054915e-05,0.0503920675503917,10380.5,4.0,0.0625,7.0,0.04415823367065318,0.08568800105138652,0.21356288605598633,0.4285057169141806,5562,11
2020,5,15140,0.0523778071334214,3.7866911085257944,0.06602070061566973,0.00041878549826383283,2.4231850345327747e-05,0.05786220020938213,10316.875,3.5,0.07142857142857142,6.0,0.0523778071334214,0.10435931307793923,0.2534346103038309,0.47787318361955083,6083,11
2020,6,14928,0.05794480171489818,3.87592234224122,0.06450077631210732,0.00041596407805593623,2.4260656494452094e-05,0.05832392212288503,10304.625,3.5,0.07142857142857142,6.0,0.05794480171489818,0.10195605573419078,0.25395230439442656,0.47601822079314043,5902,11
2020,7,15170,0.054449571522742254,4.221639140877741,0.059218704313041146,0.0004539265879489767,2.414759007179014e-05,0.053197126391954,10352.875,3.5,0.07142857142857142,6.0,0.054449571522742254,0.099340804218853,0.24686882003955174,0.4734344100197759,6044,11
2020,8,15140,0.04722589167767503,4.832239694579351,0.05173584420500536,0.0005530284015914955,2.411091018799215e-05,0.043597960102241026,10368.625,4.25,0.058823529411764705,7.0,0.04722589167767503,0.08256274768824307,0.2117569352708058,0.4135402906208719,5342,11
2020,9,15107,0.031574766664460185,7.971809982580376,0.03136050665360668,0.0008533131753726182,2.4105969844614e-05,0.0282498507468698,10370.75,7.5,0.03333333333333333,11.0,0.031574766664460185,0.059773614880518966,0.14390679817303237,0.2914542927119878,3816,11
2020,10,15177,0.020820979113131712,8.048936195065949,0.031060005190903572,0.0008591915660807666,2.4175319417639824e-05,0.02813728669139109,10341.0,9.25,0.02702702702702703,15.0,0.020820979113131712,0.04085128813335969,0.10133755024049548,0.2109771364564802,2830,11
2020,11,15180,0.025230566534914362,6.663280565828634,0.037519056496296645,0.0007110211714284079,2.4189354266363097e-05,0.034020582281351526,10335.0,7.5,0.03333333333333333,12.0,0.025230566534914362,0.05111989459815547,0.1287220026350461,0.2627140974967062,3508,11
2020,12,15179,0.028987416825877858,5.797989731096738,0.043118393028390274,0.0006325910902064108,2.417298185938057e-05,0.03821264989915218,10342.0,6.0,0.041666666666666664,10.0,0.028987416825877858,0.05883128005797483,0.14790170630476315,0.30785954278938005,4114,11
2020,13,14694,0.031237239689669252,5.850261170779414,0.04273313493228084,0.0006563300284549704,2.430931168311345e-05,0.0370382439156999,10284.0,5.75,0.043478260869565216,10.0,0.031237239689669252,0.06301891928678371,0.15550564856403976,0.32155982033483055,4143,11
2020,14,14729,0.028515174146242106,6.289210912219583,0.03975061474155113,0.0006918817726801436,2.4356085978259213e-05,0.03520267036940575,10264.25,6.25,0.04,11.0,0.028515174146242106,0.05832032045624279,0.14237219091588024,0.2973725303822391,3846,11
2020,15,14747,0.024682986370109176,7.914658968439291,0.031586957946881454,0.0008980929288759619,2.434896943102103e-05,0.027111859639620803,10267.25,7.75,0.03225806451612903,13.0,0.024682986370109176,0.04455143419000475,0.11242964670780498,0.23937071946836644,3111,11
2020,16,10861,0.0516527023294356,5.4069387675270395,0.046236883891019535,0.0006304212965620786,2.4353713333566504e-05,0.03863085442445606,10265.25,3.5,0.07142857142857142,6.0,0.0516527023294356,0.1010035908295737,0.24491299143725256,0.4733449958567351,4399,11
2020,17,242,0.0371900826446281,3.155341285660043,0.07923073207204726,0.0003369991334890727,2.446992035155761e-05,0.07261122632041145,10216.5,3.5,0.07142857142857142,7.0,0.0371900826446281,0.07024793388429752,0.2190082644628099,0.44214876033057854,99,11
2020,18,14671,0.055960738872605824,4.946454108477153,0.050541255314904075,0.0005814612555297662,2.434778374414312e-05,0.04187344128708969,10267.75,3.25,0.07692307692307693,6.0,0.055960738872605824,0.1072864835389544,0.2614682025765115,0.48817394860609364,5996,11
2020,19,15178,0.06140466464619845,3.485356918000667,0.07172866535098205,0.00039613731788635864,2.415342254110397e-05,0.06097234835126781,10350.375,3.0,0.08333333333333333,5.0,0.06140466464619845,0.1097641322967453,0.2702595862432468,0.5213466859928845,6616,11
2020,20,15123,0.05203993916550949,3.7492187519958997,0.06668055841417957,0.0004145934393244526,2.4153714238496733e-05,0.058258795117099076,10350.25,3.75,0.06666666666666667,6.0,0.05203993916550949,0.09105336242808966,0.23176618395820936,0.4538781987700853,5822,11
2020,21,15121,0.05079029164737782,3.806142370104647,0.06568330232826432,0.000427982446000157,2.4126325441191803e-05,0.05637223130684887,10362.0,3.75,0.06666666666666667,6.0,0.05079029164737782,0.10091925137226374,0.24264268236227762,0.47265392500496,6010,11
2020,22,15059,0.06594063350820108,3.699394864043749,0.06757862006834518,0.0004060793245647884,2.3876890752426954e-05,0.058798587635597505,10470.25,3.0,0.08333333333333333,5.0,0.06594063350820108,0.12245169001925758,0.29829337937446043,0.5488412245169002,6769,11
2020,23,15178,0.07471340097509553,3.196438593553512,0.07821204527569935,0.00035640158903616035,2.3873185638964683e-05,0.06698394836994545,10471.875,2.5,0.1,4.0,0.07471340097509553,0.13835814995388063,0.3342996442219001,0.5948741599683752,7223,11
2021,0,15413,0.09219490040874587,2.0567300164373776,0.12155217165208902,0.00014792850964469133,1.7170182261878726e-05,0.11607081219921496,14560.0,1.75,0.14285714285714285,3.0,0.09219490040874587,0.17387919288911957,0.41198987867384673,0.7047946538636216,8476,11
2021,1,15445,0.06668824862415021,2.4839590611874014,0.10064578112671996,0.0001767427421081275,1.717549057532392e-05,0.09717791163846669,14555.5,2.5,0.1,4.0,0.06668824862415021,0.12198122369698931,0.3059889932016834,0.5783101327290385,7372,11
2021,2,15486,0.05404881828748547,2.9319159481417416,0.08526847441122958,0.0002100964148485836,1.7180949763237358e-05,0.08177650140112891,14550.875,3.0,0.08333333333333333,5.0,0.05404881828748547,0.10596667958155753,0.258362391837789,0.5092341469714581,6643,11
2021,3,15502,0.040510901819120114,3.8029623150659395,0.06573822701571137,0.00027004381543145085,1.71805069972489e-05,0.06362118299135822,14551.25,4.25,0.058823529411764705,7.0,0.040510901819120114,0.0793446006966843,0.19571668171848794,0.4010450264482002,5365,11
2021,4,15470,0.049062702003878474,3.27848097912614,0.07625482703475561,0.00023197647828550604,1.717165646419396e-05,0.0740232655961777,14558.75,3.5,0.07142857142857142,6.0,0.049062702003878474,0.09372979961215255,0.23128636069812541,0.4574660633484163,6014,11
2021,5,15496,0.055627258647392874,2.876423027548654,0.08691350250142277,0.00020429039857753237,1.7192913081572137e-05,0.08415918320824596,14540.75,3.0,0.08333333333333333,5.0,0.055627258647392874,0.10092927207021167,0.25238771295818274,0.5075503355704698,6601,11
2021,6,15497,0.05162289475382332,2.913335377883644,0.08581229675713113,0.0002072372127086957,1.7206521271900455e-05,0.08302814464160407,14529.25,3.0,0.08333333333333333,5.0,0.05162289475382332,0.1006001161515132,0.25211331225398464,0.5008066077305285,6569,11
2021,7,15510,0.04719535783365571,3.1959052911378842,0.07822509656129042,0.00022812774080098076,1.72017855458514e-05,0.07540418138300103,14533.25,3.25,0.07692307692307693,6.0,0.04719535783365571,0.09922630560928433,0.23455834945196646,0.4647324306898775,6132,11
2021,8,15532,0.043136749935616794,4.388921768692175,0.056961598582901105,0.000313952660359293,1.7201637596301386e-05,0.05479054573583013,14533.375,4.0,0.0625,7.0,0.043136749935616794,0.08298995621941797,0.20776461498841103,0.418490857584342,5603,11
2021,9,15380,0.03081924577373212,7.7963150903750105,0.032066431012856195,0.0005481052881128785,1.7193060881023868e-05,0.03136817187117354,14540.625,8.0,0.03125,12.0,0.03081924577373212,0.05260078023407022,0.1343302990897269,0.27620286085825746,3696,11
2021,10,15240,0.01811023622047244,7.834105495677213,0.03191174795105168,0.0005532005632626121,1.7188775729848547e-05,0.0310715080051153,14544.25,9.75,0.02564102564102564,16.0,0.01811023622047244,0.034973753280839896,0.08930446194225722,0.19520997375328084,2657,11
2021,11,15238,0.023756398477490483,6.212649669862412,0.040240479229458406,0.00043883043216342194,1.71805069972489e-05,0.0391506735586898,14551.25,7.5,0.03333333333333333,12.0,0.023756398477490483,0.047775298595616224,0.11779761123507022,0.2534453340333377,3422,11
2021,12,15240,0.029330708661417324,5.235166982932594,0.047753968653728975,0.0003722691852413007,1.7194391189995387e-05,0.046188059263756076,14539.5,5.75,0.043478260869565216,10.0,0.029330708661417324,0.06148293963254593,0.14849081364829397,0.30498687664041996,4094,11
2021,13,14825,0.029949409780775718,5.056087205312862,0.04944534970387847,0.00036097754188884316,1.718848028104337e-05,0.04761648104506254,14544.5,5.5,0.045454545454545456,9.0,0.029949409780775718,0.060775716694772344,0.15271500843170321,0.32202360876897135,4212,11
2021,14,14820,0.0310391363022942,5.5605103069792,0.04495990227483543,0.00039313400416251176,1.7189662137546812e-05,0.04372468917860648,14543.5,5.5,0.045454545454545456,9.0,0.0310391363022942,0.062348178137651825,0.15620782726045884,0.3269230769230769,4243,11
2021,15,14807,0.02316471938947795,5.87582155083433,0.042547241749454005,0.0004155045960590691,1.718316393645177e-05,0.04135493108723392,14549.0,6.75,0.037037037037037035,11.0,0.02316471938947795,0.05125953940703721,0.12757479570473423,0.2627811170392382,3469,11
2021,16,12910,0.06498838109992254,3.7521230562026817,0.0666289448014563,0.00026526473082791617,1.6922191762675043e-05,0.06379359860566194,14773.375,2.75,0.09090909090909091,5.0,0.06498838109992254,0.12323780015491867,0.29876065065840435,0.5539116963594113,5926,11
2021,17,247,0.05263157894736842,2.2292665735416084,0.11214450661359358,0.00016111061862674307,1.7143983747929524e-05,0.10641125888572411,14582.25,3.0,0.08333333333333333,5.0,0.05263157894736842,0.145748987854251,0.29959514170040485,0.5789473684210527,131,11
2021,18,14634,0.07154571545715457,2.6804356419169966,0.09326842103218892,0.0001930277423018509,1.7184049765516713e-05,0.08902373078914647,14548.25,2.25,0.1111111111111111,4.0,0.07154571545715457,0.13755637556375563,0.3286866201995353,0.5986743200765341,7111,11
2021,19,15144,0.07309825673534073,2.3436581451939453,0.10667084724479375,0.00016734653213831762,1.7174900600729197e-05,0.10263075297272103,14556.0,2.25,0.1111111111111111,4.0,0.07309825673534073,0.1376782884310618,0.33571051241415745,0.6110670892762811,7532,11
2021,20,15222,0.055708842464853504,2.829915871811974,0.08834184877726661,0.00020288933659267562,1.7168855696260725e-05,0.08462177453282937,14561.125,3.0,0.08333333333333333,5.0,0.055708842464853504,0.11246879516489292,0.2731572723689397,0.5331099724083563,6850,11
2021,21,15230,0.05732107682206172,2.7096821428862485,0.09226174393049277,0.00019383220952945852,1.7158397749171612e-05,0.08852191176494786,14570.0,3.0,0.08333333333333333,5.0,0.05732107682206172,0.11201575837163492,0.2756401838476691,0.5325016414970453,6834,11
2021,22,15294,0.06983130639466457,2.3084321384262054,0.10829861352148726,0.00016630328559556762,1.7157956144668566e-05,0.10317268286806396,14570.375,2.25,0.1111111111111111,4.0,0.06983130639466457,0.13175101346933438,0.3190793775336733,0.6008892376095201,7527,11
2021,23,15457,0.08300446399689461,2.0148240781288793,0.12408031188120862,0.00014578789157088071,1.7164877228613995e-05,0.11773870273903092,14564.5,2.0,0.125,3.0,0.08300446399689461,0.1607685838131591,0.38623277479459145,0.6785275279808501,8369,11
2022,0,15380,0.056697009102730817,2.7849265490506228,0.0897689743685429,0.00021862272753349395,2.0094645782204575e-05,0.09191471540453629,12441.0,2.75,0.09090909090909091,5.0,0.056697009102730817,0.11384915474642393,0.27594278283485046,0.5449934980494148,7129,11
2022,1,15388,0.042825578372757994,3.321172097763348,0.07527462975145527,0.0002594010683459008,2.0078910117323837e-05,0.07740488597583348,12450.75,3.75,0.06666666666666667,7.0,0.042825578372757994,0.08851052768390955,0.2087990642058747,0.42598128411749414,5665,11
2022,2,15405,0.033690360272638754,4.3154678964400945,0.057931145822270956,0.00033824911030871035,2.0086169668597867e-05,0.05938277162138222,12446.25,5.0,0.05,9.0,0.033690360272638754,0.0629016553067186,0.15715676728334957,0.3363842908146706,4540,11
2022,3,15416,0.020822522055007783,5.903769928642533,0.042345823604525705,0.0004628079806145118,2.0106564793986492e-05,0.04344472359203745,12433.625,7.5,0.03333333333333333,13.0,0.020822522055007783,0.04443435391800726,0.10547483134405812,0.22904774260508562,3172,11
2022,4,15418,0.026916590997535347,4.960256350750117,0.05040062091996387,0.0003873575428063863,2.0073065960698565e-05,0.05182051139438306,12454.375,6.0,0.041666666666666664,11.0,0.026916590997535347,0.05694642625502659,0.13309119211311454,0.2830457906343235,3882,11
2022,5,15435,0.031810819565921605,4.248893280677216,0.05883885131616047,0.0003315900025534105,2.0051532438983573e-05,0.06047085944864636,12467.75,5.25,0.047619047619047616,9.0,0.031810819565921605,0.06213151927437642,0.15607385811467445,0.3263362487852284,4440,11
2022,6,15469,0.02999547482060896,4.577222945666719,0.054618270284753405,0.00035728366144708164,2.0035462769741547e-05,0.056077187209158344,12477.75,5.25,0.047619047619047616,9.0,0.02999547482060896,0.06348180231430603,0.15353287219600492,0.3161807485939621,4330,11
2022,7,15470,0.0286360698125404,4.697850537083396,0.053215826690648504,0.0003655398391683122,2.006923887470447e-05,0.05490301391051284,12456.75,5.5,0.045454545454545456,10.0,0.0286360698125404,0.058888170652876534,0.14285714285714285,0.30168067226890755,4126,11
2022,8,15474,0.022683210546723537,9.638983716252302,0.025936344261944827,0.0007973210894613381,2.0084555981407295e-05,0.02519004733083909,12447.25,7.0,0.03571428571428571,12.0,0.022683210546723537,0.04491404937314204,0.1152255396148378,0.24699495928654516,3413,11
2022,9,15362,0.015753157140997266,11.381902182405273,0.02196469412524585,0.0008974150877328123,2.008153101659503e-05,0.022377082011545046,12449.125,12.75,0.0196078431372549,20.0,0.015753157140997266,0.029162869418044527,0.07336284337976826,0.16091654732456712,2201,11
2022,10,15240,0.011942257217847769,11.71725836329624,0.02133604912076644,0.0009184725247145597,2.012234385129194e-05,0.021908487526663366,12423.875,15.5,0.016129032258064516,26.0,0.011942257217847769,0.023753280839895013,0.05498687664041995,0.11640419947506561,1578,11
2022,11,15238,0.014503215645097782,9.060100660580984,0.027593512408499953,0.0007149113881664005,2.0110406130373895e-05,0.02812992835650991,12431.25,12.0,0.020833333333333332,21.0,0.014503215645097782,0.026184538653366583,0.06962856017850111,0.14956030975193596,2030,11
2022,12,15238,0.015553222207638797,7.860836217095979,0.03180323226380071,0.0006166058486824334,2.0095049585296826e-05,0.032589781021759745,12440.75,10.0,0.025,17.0,0.015553222207638797,0.03576584853655335,0.08426302664391652,0.1771229820186376,2433,11
2022,13,14768,0.016386782231852654,7.492647634776579,0.03336604257747865,0.0005881056941657839,2.010575627877879e-05,0.034187317820988626,12434.125,9.75,0.02564102564102564,16.0,0.016386782231852654,0.031960996749729145,0.08125677139761647,0.177546045503792,2351,11
2022,14,14760,0.01510840108401084,9.649893708046617,0.025907021109624877,0.0007602504759881468,2.0076088375627385e-05,0.02640720263875296,12452.5,10.25,0.024390243902439025,18.0,0.01510840108401084,0.028523035230352302,0.07615176151761517,0.1698509485094851,2258,11
2022,15,14760,0.012669376693766938,9.422000838737084,0.026533642299432204,0.0007351672756411298,2.0053140823908598e-05,0.027276976938915724,12466.75,11.75,0.02127659574468085,20.0,0.012669376693766938,0.027168021680216804,0.06436314363143632,0.1443089430894309,1933,11
2022,16,14760,0.05210027100271003,5.654757335737572,0.04421056203774154,0.00043757707236003634,2.0117283765054603e-05,0.0459742638172372,12427.0,3.75,0.06666666666666667,6.0,0.05210027100271003,0.09789972899728998,0.24132791327913278,0.46158536585365856,5777,11
2022,17,246,0.036585365853658534,2.8821432709148884,0.08674100365615817,0.0002268015312511692,2.011647438745167e-05,0.08869637817909559,12427.5,3.75,0.06666666666666667,5.5,0.036585365853658534,0.10975609756097561,0.2886178861788618,0.5,115,11
2022,18,14711,0.04581605601250765,4.1304498268051795,0.06052609533653869,0.00031812672615732336,2.0070850101492875e-05,0.06309073853658943,12455.75,3.5,0.07142857142857142,6.0,0.04581605601250765,0.0907484195499966,0.2268370607028754,0.44816803752294204,5692,11
2022,19,15153,0.04949514947535141,3.397971939526846,0.07357329738126428,0.0002619408750346513,2.0090608645650785e-05,0.07669902088779793,12443.5,3.25,0.07692307692307693,6.0,0.04949514947535141,0.09212697155678744,0.2346070085131657,0.46960997822213424,6085,11
2022,20,15160,0.035224274406332454,4.213682215031081,0.05933053022085955,0.0003273234878900282,2.0100704530286877e-05,0.06140929470066067,12437.25,4.5,0.05555555555555555,8.0,0.035224274406332454,0.07216358839050131,0.17770448548812665,0.36992084432717676,4938,11
2022,21,15165,0.03903725684141114,3.610995142109399,0.06923299261321077,0.00028410401754364555,2.012092677048743e-05,0.07082239436264343,12424.75,4.25,0.058823529411764705,7.0,0.03903725684141114,0.07807451368282228,0.19498846027035938,0.4054071876030333,5360,11
2022,22,15205,0.051364682670174286,3.3186953794862237,0.07533080666135232,0.00025965458986708915,2.0114451228096928e-05,0.07746618782434396,12428.75,3.5,0.07142857142857142,6.0,0.051364682670174286,0.09694179546201907,0.24228872081552122,0.4776718184807629,6178,11
2022,23,15375,0.05515447154471545,2.828331972979733,0.08839132124105553,0.00022129371512840458,2.0101512639609286e-05,0.09083634674371788,12436.75,3.0,0.08333333333333333,5.0,0.05515447154471545,0.111869918699187,0.272,0.5259837398373983,6859,11
2023,0,15450,0.09190938511326861,1.4470532886155245,0.17276488845769375,0.00010523910564408715,1.6883336147692175e-05,0.16042835070064818,14807.375,1.5,0.16666666666666666,3.0,0.09190938511326861,0.17715210355987054,0.4286731391585761,0.749967637540453,9325,11
2023,1,15445,0.0703787633538362,1.7117339132071525,0.1460507372501565,0.00012328248176689328,1.6886899987801803e-05,0.13697728781719473,14804.25,2.0,0.125,4.0,0.0703787633538362,0.14250566526383943,0.34069278083522175,0.6551634833279378,8414,11
2023,2,15466,0.05515323936376568,2.254983036489526,0.11086557901082518,0.0001654248997578707,1.6893889480635586e-05,0.10212422377382639,14798.125,2.75,0.09090909090909091,5.0,0.05515323936376568,0.1078494762705289,0.2649036596405017,0.5316177421440579,7016,11
2023,3,15470,0.036393018745959925,3.3564692984183897,0.07448302897267767,0.00024295449494465387,1.688005874293969e-05,0.06947827306831694,14810.25,4.25,0.058823529411764705,8.0,0.036393018745959925,0.06819650937297995,0.17407886231415642,0.3657401422107304,4978,11
2023,4,15474,0.039162466072120976,3.0817191089281897,0.08112355187587134,0.00022516597351939353,1.6853033124949038e-05,0.07484715768342985,14834.0,3.75,0.06666666666666667,7.0,0.039162466072120976,0.07754943776657619,0.1985911852139072,0.4108181465684374,5529,11
2023,5,15464,0.04591308846352819,2.679480283690801,0.09330167552330039,0.0001970406454005,1.6842388924903034e-05,0.08547672431071066,14843.375,3.25,0.07692307692307693,6.0,0.04591308846352819,0.09208484221417486,0.2259441282979824,0.4642395240558717,6220,11
2023,6,15465,0.047138700290979635,2.600906041427024,0.09612035037714547,0.00019259644153108894,1.6841963436430522e-05,0.08744690868918203,14843.75,3.25,0.07692307692307693,6.0,0.047138700290979635,0.09046233430326543,0.2298092466860653,0.4688651794374394,6262,11
2023,7,15474,0.03890396794623239,2.8937585230383047,0.08639283409781968,0.00021211628805196082,1.6841679789438957e-05,0.07939833354670696,14844.0,3.5,0.07142857142857142,7.0,0.03890396794623239,0.0804575416828228,0.20182241178751453,0.42083494894662016,5711,11
2023,8,15480,0.03074935400516796,5.862587173108549,0.042643289151714434,0.0004377892159600234,1.6857436658648572e-05,0.03850582893341051,14830.125,4.75,0.05263157894736842,9.0,0.03074935400516796,0.06311369509043928,0.15704134366925065,0.33662790697674416,4636,11
2023,9,15320,0.02454308093994778,7.4915560617217665,0.03337090424743389,0.0005467672049074684,1.687635538276666e-05,0.030865705242183857,14813.5,8.5,0.029411764705882353,13.0,0.02454308093994778,0.04092689295039165,0.10633159268929504,0.2323107049608355,3124,11
2023,10,15180,0.01310935441370224,7.959473444414878,0.03140911289495208,0.0005775333746437484,1.6913033183846254e-05,0.02928494512421739,14781.375,11.0,0.022727272727272728,19.0,0.01310935441370224,0.032279314888010543,0.07595520421607378,0.1642951251646904,2270,11
2023,11,15180,0.018642951251646903,5.9757903095370954,0.04183547063239671,0.0004302814928362468,1.6912747137945506e-05,0.03930623886810309,14781.625,8.25,0.030303030303030304,14.0,0.018642951251646903,0.038866930171278,0.09591567852437417,0.21152832674571806,2885,11
2023,12,15180,0.02450592885375494,5.189420806797519,0.04817493306238145,0.0003738672536868574,1.6883906260904348e-05,0.045160163385279846,14806.875,6.75,0.037037037037037035,12.0,0.02450592885375494,0.04914361001317523,0.12009222661396575,0.25625823451910407,3442,11
2023,13,14649,0.023687623728582154,5.253568862582564,0.04758669897344875,0.00037976957896152435,1.6909458305957052e-05,0.044525573512748905,14784.5,6.75,0.037037037037037035,12.0,0.023687623728582154,0.04553211823332651,0.11256741074476073,0.24575056317837396,3187,11
2023,14,14584,0.021804717498628633,5.995772756317137,0.04169604322255215,0.0004376520622546518,1.6883906260904348e-05,0.03857837701923199,14806.875,7.0,0.03571428571428571,12.0,0.021804717498628633,0.04340373011519474,0.10730938014262205,0.24211464618760284,3163,11
2023,15,14580,0.02215363511659808,5.84170766384829,0.04279570536320021,0.0004250053015592481,1.6899885081262677e-05,0.03976393945972163,14792.875,7.5,0.03333333333333333,13.0,0.02215363511659808,0.04231824417009602,0.10651577503429355,0.23065843621399176,2995,11
2023,16,14574,0.06909564978729243,3.9150904123715753,0.06385548574050987,0.0002865141775879455,1.6870518768804538e-05,0.0588819684625419,14818.625,2.5,0.1,4.0,0.06909564978729243,0.13428022505832304,0.3262659530671058,0.5972279401674214,7124,11
2023,17,243,0.06584362139917696,2.1474631268472546,0.11641643429148485,0.0001541014390217064,1.6861558176899033e-05,0.10941856405717243,14826.5,3.25,0.07692307692307693,4.0,0.06584362139917696,0.09876543209876543,0.29218106995884774,0.5925925925925926,129,11
2023,18,14650,0.07447098976109215,2.5379341348484274,0.09850531444738644,0.00018962574654993075,1.6886329672312118e-05,0.08905082764099095,14804.75,2.25,0.1111111111111111,4.0,0.07447098976109215,0.14505119453924914,0.34668941979522183,0.6305119453924914,7562,11
2023,19,15157,0.0793692683248664,1.7802338276923715,0.14043099064355077,0.00013220648030385412,1.6881198565475128e-05,0.12768813243251437,14809.25,2.0,0.125,4.0,0.0793692683248664,0.15405423236788282,0.37137956059906313,0.6760572672692485,8380,11
2023,20,15231,0.0613223031974263,2.177949908492295,0.11478684565939568,0.00015901093495235863,1.6894317596717464e-05,0.10624626288612907,14797.75,2.5,0.1,5.0,0.0613223031974263,0.1185739610005909,0.2939399908082201,0.575996323288031,7421,11
2023,21,15223,0.06798922682782632,2.096952768714191,0.11922061561419667,0.00015288386148664898,1.6883478672387085e-05,0.11043336103766245,14807.25,2.25,0.1111111111111111,4.0,0.06798922682782632,0.12816133482230835,0.3199106614990475,0.6129540826381134,7811,11
2023,22,15254,0.07997902189589616,1.6633628284586386,0.15029793603820246,0.00012136301479690622,1.6881198565475128e-05,0.13909673052968244,14809.25,2.0,0.125,4.0,0.07997902189589616,0.15504130064245444,0.3759669594860364,0.6842795332371837,8534,11
2023,23,15443,0.09467072460014246,1.4905612861802382,0.16772205364373732,0.00010748197226468368,1.687920397712136e-05,0.15704218690325905,14811.0,1.5,0.16666666666666666,3.0,0.09467072460014246,0.16997992618014635,0.4215502169267629,0.749854302920417,9213,11
2024,0,15515,0.08134063809216886,2.26206380881658,0.1105185446253127,0.00011781788012757065,1.3090975736134725e-05,0.1111119612911054,19097.0,2.0,0.125,4.0,0.08134063809216886,0.14895262649049307,0.36442152755398,0.6564614888817274,8353,11
2024,1,15515,0.06142442797292942,3.0167047404848386,0.08287188223790855,0.00016149600397715168,1.3089433554844693e-05,0.08105112964093263,19099.25,2.75,0.09090909090909091,5.0,0.06142442797292942,0.11530776667740895,0.28739929100870126,0.5495327102803739,7169,11
2024,2,15522,0.047158871279474296,3.5918531825734115,0.06960195400327736,0.00018991432836467945,1.3084209975690647e-05,0.0688953281637915,19106.875,3.5,0.07142857142857142,6.0,0.047158871279474296,0.09612163381007602,0.23006055920628785,0.4561912124726195,6108,11
2024,3,15536,0.032376416065911434,4.357176926552576,0.0573766005407087,0.00022776507623889643,1.3089262223917443e-05,0.05746825826005248,19099.5,5.0,0.05,9.0,0.032376416065911434,0.06044026776519053,0.16072348094747682,0.33464212152420186,4580,11
2024,4,15538,0.0362337495173124,4.201976290297083,0.059495814047614434,0.00022020243858735775,1.3090547316003777e-05,0.05944778541047152,19097.625,4.75,0.05263157894736842,8.0,0.0362337495173124,0.06976444844896383,0.16997039516025228,0.3471489252156005,4698,11
2024,5,15534,0.041264323419595725,3.537639117501831,0.07066859894305502,0.0001860707937140962,1.3092775406744973e-05,0.07036448410524032,19094.375,4.0,0.0625,7.0,0.041264323419595725,0.07609115488605639,0.19627912965108793,0.41045448693189135,5571,11
2024,6,15536,0.03997167868177137,3.3745069695552963,0.0740848966250456,0.00017794222094055892,1.3083867591386455e-05,0.0735287416456215,19107.375,4.0,0.0625,7.0,0.03997167868177137,0.08232492276004119,0.20101699279093718,0.41394181256436663,5604,11
2024,7,15540,0.03371943371943372,3.65723358621306,0.06835767913278583,0.00019182223262337618,1.3084894797588689e-05,0.06821365082993051,19105.875,4.5,0.05555555555555555,8.0,0.03371943371943372,0.0676962676962677,0.1711068211068211,0.36325611325611323,4967,11
2024,8,15540,0.032432432432432434,6.874075023276712,0.036368529460830766,0.00036925957682997363,1.308249823402229e-05,0.0354290018591614,19109.375,5.5,0.045454545454545456,10.0,0.032432432432432434,0.056435006435006436,0.14678249678249677,0.30572715572715575,4153,11
2024,9,15451,0.01967510193514983,9.201581777294278,0.02716924177285445,0.00048009436940894877,1.3088234331832888e-05,0.027261795109044928,19101.0,10.0,0.025,15.0,0.01967510193514983,0.03786162707915345,0.09643388777425409,0.2073004983496214,2853,11
2024,10,15338,0.013169904811579085,10.264001602620013,0.024356972034784603,0.0005333883375488808,1.310495760562628e-05,0.02456926161124645,19076.625,13.25,0.018867924528301886,21.0,0.013169904811579085,0.02868692137175642,0.0706089451036641,0.15080192984743773,2091,11
2024,11,15355,0.017453598176489744,7.584648513503224,0.03296131647431202,0.0003947818838374231,1.3095604460440018e-05,0.03317174621374718,19090.25,9.75,0.02564102564102564,16.0,0.017453598176489744,0.033409312927385214,0.08739824161510909,0.19296646043633994,2663,11
2024,12,15356,0.019992185464964833,6.417766333000238,0.03895436309584797,0.0003339009260419129,1.3090290277425257e-05,0.03920411492294603,19098.0,8.25,0.030303030303030304,14.0,0.019992185464964833,0.04363115394634019,0.1034774680906486,0.21991404011461319,3026,11
2024,13,14766,0.019707436001625354,6.358330569924611,0.03931849677374735,0.0003327400066544354,1.310968215595666e-05,0.03939917621499485,19069.75,8.25,0.030303030303030304,14.0,0.019707436001625354,0.040566165515373155,0.10321007720438846,0.22192875524854394,2948,11
2024,14,14760,0.02046070460704607,7.009665202974146,0.03566504144790353,0.00036803830117496523,1.3122068038138294e-05,0.03565408273064512,19051.75,8.25,0.030303030303030304,14.0,0.02046070460704607,0.03726287262872629,0.09803523035230352,0.21246612466124662,2800,11
2024,15,14760,0.01964769647696477,7.433214966173756,0.03363282255896972,0.0003880079861784254,1.3122584624350044e-05,0.033820398269626406,19051.0,8.75,0.02857142857142857,14.0,0.01964769647696477,0.03692411924119241,0.09613821138211383,0.2165989159891599,2880,11
2024,16,14747,0.051400284803688884,5.907771936440363,0.042317137948055875,0.0003098614061716209,1.3121379319656067e-05,0.04234596196335795,19052.75,3.75,0.06666666666666667,6.0,0.051400284803688884,0.09771478944870143,0.24276123957415066,0.4668068081643724,5830,11
2024,17,246,0.024390243902439025,3.740691117272743,0.06683256974777153,0.0001953416488813535,1.3123445692036057e-05,0.06718201554655132,19049.75,4.5,0.05555555555555555,7.0,0.024390243902439025,0.06910569105691057,0.1910569105691057,0.3943089430894309,92,11
2024,18,14803,0.050192528541511856,3.508687200927153,0.07125172056772082,0.00018208758382410434,1.310332627950202e-05,0.07196166813965615,19079.0,3.25,0.07692307692307693,5.0,0.050192528541511856,0.10984259947307978,0.2571100452610957,0.5006417618050395,6356,11
2024,19,15346,0.061449237586341715,2.8875173727735874,0.08657956567023664,0.00015063417031479183,1.3103927247118707e-05,0.08699173115724287,19078.125,2.75,0.09090909090909091,5.0,0.061449237586341715,0.11540466571093444,0.28509057734914633,0.5411833702593509,6988,11
2024,20,15356,0.05053399322740297,3.242875790649005,0.07709206770141722,0.00016986927424202848,1.3103841391366595e-05,0.0771407392527994,19078.25,3.25,0.07692307692307693,6.0,0.05053399322740297,0.09774680906486063,0.24361812972128158,0.47909611878093256,6296,11
2024,21,15352,0.055693069306930694,2.998060189952017,0.08338725180964468,0.00015832106154696057,1.3100751328347371e-05,0.08274800080506962,19082.75,3.0,0.08333333333333333,5.0,0.055693069306930694,0.11040906722251173,0.265372589890568,0.5241010943199583,6788,11
2024,22,15333,0.06789278027783213,2.6519778078639535,0.09426926547374223,0.000138889902066805,1.3095775957675412e-05,0.09428889906896502,19090.0,2.5,0.1,4.0,0.06789278027783213,0.1298506489271506,0.3163764429661514,0.5996217309071936,7618,11
2024,23,15516,0.07282804846609951,2.2025697895965433,0.1135037814378603,0.00011513594222638631,1.3089347888936987e-05,0.11368602745439844,19099.375,2.25,0.1111111111111111,4.0,0.07282804846609951,0.1439804073214746,0.3509280742459397,0.6395978344934261,8167,11
2025,0,7186,0.04661842471472307,4.188158644756562,0.059692103667799645,0.00021964018225867333,1.1781268960573476e-05,0.053638950939762516,21220.0,3.5,0.07142857142857142,6.0,0.04661842471472307,0.0921235736153632,0.23142220985249096,0.46590592819371,2903,11
2025,1,7195,0.03863794301598332,4.7320890784814855,0.05283078907724711,0.0002495251136894791,1.1777106482836657e-05,0.04719808082120602,21227.5,4.25,0.058823529411764705,7.0,0.03863794301598332,0.0788047255038221,0.19444058373870743,0.3919388464211258,2473,11
2025,2,7200,0.030694444444444444,5.199111963522241,0.04808513487573223,0.0002698513638228227,1.177232326804545e-05,0.04362521315910357,21236.125,5.75,0.043478260869565216,10.0,0.030694444444444444,0.06111111111111111,0.14888888888888888,0.31069444444444444,1974,11
2025,3,7190,0.0239221140472879,7.75638765854342,0.0322314988633443,0.00040669159865894575,1.1768444094092883e-05,0.028937022876545766,21243.125,7.5,0.03333333333333333,13.0,0.0239221140472879,0.04200278164116829,0.10987482614742698,0.23908205841446453,1528,11
2025,4,7180,0.022423398328690808,7.477737180633462,0.033432573780136754,0.0003932757274269898,1.176782089394121e-05,0.029922571044321222,21244.25,7.25,0.034482758620689655,12.0,0.022423398328690808,0.045682451253481894,0.11239554317548746,0.2416434540389972,1554,11
2025,5,7200,0.028194444444444446,5.480422898853818,0.0456169176382876,0.00028128120259444223,1.1775719643871473e-05,0.041864580836743576,21230.0,5.75,0.043478260869565216,10.0,0.028194444444444446,0.05722222222222222,0.14680555555555555,0.31,1972,11
2025,6,7198,0.02917477076965824,7.065677491737775,0.0353823112210169,0.0003731283898541304,1.1769552168673537e-05,0.0315429018233501,21241.125,6.0,0.041666666666666664,10.0,0.02917477076965824,0.0576549041400389,0.14573492636843569,0.2979994442900806,1900,11
2025,7,7198,0.0225062517365935,7.893110742545897,0.031673190476403136,0.00041751322446896056,1.1769621430231967e-05,0.028189817089511047,21241.0,7.25,0.034482758620689655,12.0,0.0225062517365935,0.04876354542928591,0.11683801055848847,0.24965268130036122,1611,11
2025,8,7200,0.021666666666666667,10.06549111221526,0.024837337514173097,0.0005053809796354019,1.1760347635915676e-05,0.02327026166358688,21257.75,8.5,0.029411764705882353,14.0,0.021666666666666667,0.043472222222222225,0.1076388888888889,0.22680555555555557,1457,11
2025,9,7142,0.011341360963315597,14.209116534880103,0.017594338070653984,0.0007222851694945385,1.1767751653476646e-05,0.01629238997349457,21244.375,15.25,0.01639344262295082,24.0,0.011341360963315597,0.024362923550826098,0.06048725847101652,0.14379725567068047,937,11
2025,10,7076,0.010175240248728096,17.245856587993973,0.014496235587047743,0.000899594694727149,1.1758411673975642e-05,0.013070788148147114,21261.25,18.75,0.013333333333333334,30.0,0.010175240248728096,0.01921989824759751,0.0501695873374788,0.10839457320520068,691,11
2025,11,7080,0.014265536723163842,12.677613562776386,0.019719799689591595,0.0006581625911317476,1.1756545456754573e-05,0.017862676510584614,21264.625,14.25,0.017543859649122806,23.0,0.014265536723163842,0.024152542372881357,0.06412429378531073,0.14251412429378532,901,11
2025,12,7080,0.014265536723163842,10.81429624558645,0.023117546840094236,0.0005575903503950842,1.1762768485385103e-05,0.021095717451083074,21253.375,12.25,0.02040816326530612,20.0,0.014265536723163842,0.033757062146892655,0.07824858757062148,0.16596045197740114,1066,11
2025,13,6844,0.015488018702513151,14.715230663309933,0.01698920021847397,0.0007809054747628303,1.1810000708816193e-05,0.015123470241264503,21168.375,12.0,0.020833333333333332,20.0,0.015488018702513151,0.025569842197545295,0.06984219754529515,0.1564874342489772,952,11
2025,14,6840,0.0152046783625731,11.3192502460883,0.022086268486412767,0.0005774350209466534,1.1823685206291292e-05,0.020476217716943128,21143.875,12.25,0.02040816326530612,20.0,0.0152046783625731,0.028362573099415204,0.07441520467836257,0.16125730994152046,992,11
2025,15,6840,0.011403508771929825,12.19250063940974,0.02050440737250623,0.0006247939538348098,1.1816489911715349e-05,0.018912618854886563,21156.75,13.5,0.018518518518518517,21.0,0.011403508771929825,0.02982456140350877,0.06681286549707602,0.14649122807017545,915,11
2025,16,6838,0.029540801403919275,9.261198548764689,0.026994346215949167,0.0004667988832866008,1.1800384692665468e-05,0.02527937644062524,21185.625,6.25,0.04,10.0,0.029540801403919275,0.05820415326118748,0.1441942088329921,0.3063761333723311,1862,11
2025,17,114,0.05263157894736842,4.062946558643697,0.061531697843314886,0.00020039261059047746,1.1798365926461749e-05,0.05887625243114828,21189.25,6.5,0.038461538461538464,9.0,0.05263157894736842,0.02631578947368421,0.14035087719298245,0.3508771929824561,35,11
2025,18,6958,0.030612244897959183,7.964758992276917,0.0313882692800139,0.00042469736451547334,1.1781407760575067e-05,0.027740713140558766,21219.75,6.5,0.038461538461538464,11.0,0.030612244897959183,0.05159528600172463,0.13567116987640127,0.2930439781546421,1798,11
2025,19,7200,0.03138888888888889,5.831394791361051,0.04287138994093896,0.0002978150833868033,1.179029776400333e-05,0.039589323784148464,21203.75,5.5,0.045454545454545456,9.0,0.03138888888888889,0.06861111111111111,0.1609722222222222,0.33625,2146,11
2025,20,7200,0.03180555555555555,6.9201592823922535,0.03612633608537066,0.000362605522972963,1.1781338360241213e-05,0.03249078575430211,21219.875,6.0,0.041666666666666664,10.0,0.03180555555555555,0.052222222222222225,0.1388888888888889,0.3073611111111111,1943,11
2025,21,7200,0.03652777777777778,5.446867099588669,0.04589794379577927,0.00028546268088274276,1.1785156595386252e-05,0.04128440382799861,21213.0,5.25,0.047619047619047616,8.0,0.03652777777777778,0.06569444444444444,0.1723611111111111,0.3640277777777778,2295,11
2025,22,7192,0.0389321468298109,4.486438903530594,0.055723482560581176,0.00023379777731910586,1.1778632383145317e-05,0.05037957382746586,21224.75,4.25,0.058823529411764705,7.0,0.0389321468298109,0.08259176863181313,0.19827586206896552,0.403642936596218,2546,11
2025,23,7193,0.04504379257611567,4.056924871686113,0.06162302924187418,0.00021181944174575334,1.1784184446268511e-05,0.055633157887428744,21214.75,3.75,0.06666666666666667,6.0,0.04504379257611567,0.08994856110107048,0.22118726539691366,0.4430696510496316,2761,11
