series,scope,scope_value,n,mean,std,skewness,kurtosis_excess,kurtosis_excess_trimmed,min,max,q0.001,q0.01,q0.05,q0.25,q0.5,q0.75,q0.95,q0.99,q0.999,hac_se,hac_l,hac_ci_lo,hac_ci_hi,boot_mean_ci_lo,boot_mean_ci_hi,threshold_v,diff_0_1pct,diff_0_1pct_ci_lo,diff_0_1pct_ci_hi,diff_1pct,diff_1pct_ci_lo,diff_1pct_ci_hi,freq_left,freq_right,freq_diff,freq_diff_ci_lo,freq_diff_ci_hi,mean_ticks,hac_ci_lo_ticks,hac_ci_hi_ticks
r_1m,GLOBAL,GLOBAL,1914530,6.211672350043219e-07,0.0004191587723174421,-0.2090968692340692,111.55600433248864,11.491079308573783,-0.030979850962524223,0.025631378887479704,-0.0027469778229836078,-0.001230809173638682,-0.0005528770913682167,-0.00012803625383478134,0.0,0.0001322746950559521,0.0005440400547657413,0.0011942144900794465,0.002785878709065153,3.024239750061854e-07,35,2.8416243992198475e-08,1.2139182260164453e-06,3.646410642341855e-09,1.3085710136061074e-06,0.0015898021613362056,3.8900886081545075e-05,-2.6174430809463733e-05,0.00011521790142558827,-3.659468355923551e-05,-4.5388078675054034e-05,-2.743745500695951e-05,0.00512397298553692,0.004876392639446757,-0.0002475803460901633,-0.0003798254780706211,-0.00010121194191304977,0.03569320107313938,0.0016328400041091542,0.0697535621421696
r_1m,YEAR,2019,7406,5.636053715208004e-07,0.00013096114249852816,0.9183960338002577,33.103376410284724,10.68103294340183,-0.0012638595351558426,0.0025250364912320937,-0.0008015188759197264,-0.00040147629161319464,-0.00017172418300183786,-5.671265122407731e-05,0.0,5.680123831664732e-05,0.00017184468361258615,0.00037163403636484123,0.0008785461815994157,1.5962854431625754e-06,10,-2.5651140970778474e-06,3.6923248401194483e-06,-2.6833477938008047e-06,3.880977304014926e-06,0.0005149514888577883,7.702730567968937e-05,-0.00016786864921786886,0.0005446693217992673,-2.984225524835341e-05,-9.23888885800389e-05,2.8500917473546044e-05,0.00594112881447475,0.00418579530110721,-0.0017553335133675399,-0.004057409221565074,0.0004887047045051874,0.01970223477358717,-0.08966997604244913,0.12907444558962347
r_1m,YEAR,2020,342648,2.1452215696421713e-06,0.0005684419893806985,0.34656349078359405,44.36892468153314,12.706382826236513,-0.016921093992375038,0.022272886479612546,-0.003828203963710119,-0.0017093262852638691,-0.000741515076975893,-0.00016505111464748838,0.0,0.000173512268337416,0.0007346390755461022,0.001674224817570242,0.00397309207995385,9.690834499246957e-07,24,2.4581800778976784e-07,4.044625131494575e-06,3.847388609154577e-07,4.009403203264032e-06,0.002231791971559145,0.00014488811624373092,-2.5115198890645902e-05,0.00032771157385038204,-3.5101467693627155e-05,-6.610511280083744e-05,-1.2022542182188345e-07,0.005037239382690108,0.004964278209707922,-7.296117298218573e-05,-0.00037567003510590916,0.0002360670180983922,0.08883040736215511,0.010178954975061535,0.1674818597492487
r_1m,YEAR,2021,349039,5.939736398511963e-07,0.0003030771641409218,-0.2558612869741185,24.022583472900223,8.75258381409433,-0.010720408748997821,0.0070524046156391915,-0.0019036641723233778,-0.0009229799486529303,-0.00042441117030108424,-0.00010581450726767803,0.0,0.00010967918848400597,0.0004218699196408692,0.0008873422255439968,0.0018728399682682566,5.109460483362293e-07,24,-4.0748061488781324e-07,1.5954278945902058e-06,-4.2773258230866005e-07,1.4644030317613295e-06,0.0011751087927693378,-3.082420405512115e-05,-0.00010829753829925581,5.1007485055300926e-05,-3.563772310893345e-05,-5.2719914010311266e-05,-1.8243785649256926e-05,0.005280212239892963,0.004721535415813133,-0.0005586768240798306,-0.0008775141913997151,-0.00024256444082826318,0.03459094587628474,-0.02373024482829023,0.0929121365808597
r_1m,YEAR,2022,349996,-1.1155376989479077e-06,0.0005213804657453856,-1.2169248242533548,130.76252311280814,6.906982050777355,-0.030979850962524223,0.025631378887479704,-0.0029420805139936377,-0.0014782337583357167,-0.0007390815143197584,-0.00019480335071924492,0.0,0.00019418627920897362,0.0007279891645369536,0.0014793061415191453,0.003052382433101107,8.840337759059365e-07,24,-2.8482438997235434e-06,6.171685018277278e-07,-2.9442096419382294e-06,6.034776018678872e-07,0.001882051349520998,0.0001103019191074691,6.1745699230393536e-06,0.00019976491009829727,1.072383183428529e-06,-2.3131556206659028e-05,3.083801418187839e-05,0.004857198367981349,0.0051429159190390745,0.00028571755105772593,-1.1451106291067437e-05,0.0005649467506811962,-0.055534255496308554,-0.14179270193398977,0.03072419094137266
r_1m,YEAR,2023,349636,1.2133269488990245e-06,0.0003054420185140121,-0.1786862246557207,53.795167913597034,7.876129428476881,-0.015036562700315623,0.009816427335952345,-0.0018297102288694139,-0.0009016279235962785,-0.0004292122713946178,-0.00010823194118170506,0.0,0.00011289912878606744,0.00043084297789157004,0.0008756592201691622,0.00182732334427447,5.06905088942118e-07,24,2.1979297457247328e-07,2.2068609232255757e-06,2.386431232685987e-07,2.242852587901401e-06,0.0011347107318570183,-2.386884594943791e-06,-5.42863545963899e-05,8.757132455062224e-05,-2.596870342711627e-05,-3.9350731836777615e-05,-1.0580828817558954e-05,0.005219714217071469,0.00478211625805123,-0.00043759795902023873,-0.0007214259306601324,-0.00014463281336354842,0.0718902283841987,0.013022843639626825,0.1307576131287706
r_1m,YEAR,2024,352261,3.645458210969656e-07,0.00028162703976032514,-0.31643954938560165,54.18265280512187,8.447466411629483,-0.014033639941070214,0.009199082343268414,-0.0017996217463834528,-0.0008506146642306525,-0.00039467193408204547,-9.692857583161685e-05,0.0,0.00010205253162918752,0.00038778136667701624,0.0007954089904970731,0.0016147769504183584,4.708683865484565e-07,24,-5.583562165380091e-07,1.2874478587319404e-06,-5.248936864390802e-07,1.455753342017636e-06,0.0010496814301218722,-0.00018484479596509438,-0.0002386277713171352,-7.888807767703896e-05,-5.520567373357946e-05,-6.822839831400084e-05,-4.336397682122302e-05,0.005589605434606727,0.004411501699024303,-0.0011781037355824238,-0.0015041581490380978,-0.0009193056858283276,0.027835442988097685,-0.042634126447329744,0.09830501242352513
r_1m,YEAR,2025,163544,4.921554766108422e-07,0.0004805263087909979,0.8698393711802747,138.7665219751117,13.098322493149986,-0.017718340409624653,0.024732306971497725,-0.003097822813622542,-0.0013711997160134692,-0.0006056217857686018,-0.00013944084250511836,0.0,0.0001456408697382191,0.0005891288256939968,0.001315074202874235,0.003329187356898874,1.193720561059934e-06,20,-1.8475368230666282e-06,2.8318477762883125e-06,-1.9994716383157e-06,2.8828256479139453e-06,0.0017839848194280278,0.0002313645432763323,-0.00015244030874189392,0.0007227777107041831,-5.61255131392342e-05,-9.557209844986649e-05,-1.5785916000970107e-06,0.005087315951670499,0.004916108203296972,-0.00017120774837352682,-0.0007726766886877117,0.00044707186361757915,0.04178129310849093,-0.1568457148233965,0.2404083010403783
r_1m,SEGMENT,00:00-02:00,168922,1.253153906721527e-06,0.00023431579189092737,0.4129196705650321,99.54740456668567,16.55235250449863,-0.008095838808624542,0.008355407122298042,-0.0016161694857337934,-0.000621513792162037,-0.00027633047561365375,-7.517478140212711e-05,0.0,7.707611752202169e-05,0.0002801853437756995,0.0006275437899676266,0.0017509225092494545,5.608350595175448e-07,20,1.5391719006713923e-07,2.352390623375915e-06,8.413107193730122e-08,2.4484087681136614e-06,0.0008422420139987018,0.00013475302351566103,-5.4892946333772706e-05,0.00029893301490877455,6.029997805589624e-06,-1.3816408433124366e-05,2.6095107441239892e-05,0.004836551781295509,0.005168065734481003,0.00033151395318549437,-0.00019668013412163328,0.0008917747362921712,0.07184519320123689,0.008824303382092434,0.13486608302038133
r_1m,SEGMENT,02:00-03:00,84663,1.617853992183222e-06,0.0002862084841534434,0.6080581418787508,30.209066095360278,10.504296213091767,-0.005487765111232469,0.006426942284597763,-0.0017675332040528017,-0.0007902684091646685,-0.0003850162717196167,-0.00010800885683122536,0.0,0.00011015873360145645,0.00038718756785343733,0.0008072757335283637,0.0020060081744255535,9.540815134355654e-07,17,-2.521457741504859e-07,3.48785375851693e-06,-3.8766962506160226e-07,3.5024711814640926e-06,0.0010653374493424048,0.0002384749703727518,2.8847577818664176e-05,0.0004970463980931185,1.7007324363695173e-05,-1.4450389210105555e-05,4.56373033751706e-05,0.004901787085267472,0.00510258318273626,0.00020079609746878786,-0.0003777519593488938,0.0008915057776558825,0.09272811048682443,-0.01445186111798662,0.1999080820916355
r_1m,SEGMENT,03:00-08:30,465442,-4.2549202742873886e-08,0.00032146075224202917,0.48287970453977336,55.8989921570477,8.16505272156687,-0.013380322043140812,0.01458500054486933,-0.002000126959815343,-0.0009015543629383204,-0.00044506239880011053,-0.0001286888901981141,0.0,0.0001305584230461991,0.00043694079218649026,0.0008792552421489808,0.0019576911977268806,4.6767349553120377e-07,26,-9.591892539840333e-07,8.740908484982854e-07,-1.0023642511365266e-06,7.638635255864853e-07,0.0011494731465048653,-4.2435762088462604e-05,-0.00012634162075186007,6.46911897818306e-05,-2.2299120789339615e-05,-3.575489238278002e-05,-6.294629263211443e-06,0.005184319421109397,0.0048169267062276285,-0.0003673927148817686,-0.0006198211421461704,-9.951562444751034e-05,-0.0024450686609648466,-0.05511933088437002,0.05022919356244032
r_1m,SEGMENT,08:30-09:30,84694,-5.904712762228268e-07,0.0005280385700248357,-5.2724446017524995,485.2135726366736,13.750921273214757,-0.030979850962524223,0.025631378887479704,-0.003127182378147179,-0.001251740942379652,-0.0005932740131803038,-0.00016657287341457952,0.0,0.00016651659838599526,0.0005845941032618109,0.001270810177903375,0.0034031211508836396,1.8047577094385478e-06,17,-4.12779638672238e-06,2.9468538342767267e-06,-4.154587598172977e-06,2.844926440689074e-06,0.0016713911085708354,0.00027593877273646063,-0.0002555698456247846,0.0005653135529209958,1.906923552372295e-05,-4.2374545178150906e-05,6.774620316065239e-05,0.0049472217630528725,0.005053486669657827,0.00010626490660495432,-0.000549116566606327,0.00068566173000095,-0.03395416503122639,-0.2373627395165297,0.16945440945407692
r_1m,SEGMENT,09:30-16:02,537786,1.3388776549675884e-06,0.000615046267827622,0.31893664734210747,31.887923731278796,6.2968352260426705,-0.017718340409624653,0.024732306971497725,-0.0034521351673439597,-0.0017418965777627393,-0.0009007395555514663,-0.00025190568397287006,0.0,0.0002604912880395,0.000867614872942093,0.0017279135475723882,0.003641078535812897,8.392245089551497e-07,26,-3.060023825845049e-07,2.983757692519682e-06,-1.697202351960787e-07,2.8788438902076853e-06,0.0021861735176759494,0.00018894336846893723,4.07026985462418e-05,0.0003186637763082845,-1.3983030190351051e-05,-3.966766711716679e-05,9.388117605028256e-06,0.00497037855206346,0.005029881774534852,5.9503222471391816e-05,-0.0001927962086803081,0.0002974752058987625,0.07682413040085945,-0.017558263710969753,0.17120652451268864
r_1m,SEGMENT,16:02-20:00,237735,6.739268868206503e-07,0.00031727906933014824,-1.4358231248628626,172.4157956938214,22.214766652499744,-0.016921093992375038,0.011771810440466483,-0.002437420300841031,-0.0008409292449456522,-0.0003497479287014617,-8.631678574002311e-05,0.0,9.005972252378697e-05,0.0003496650947048122,0.0008203074129937749,0.0023613999432520734,6.334338767917788e-07,22,-5.676035116912361e-07,1.9154572853325367e-06,-7.045866599459711e-07,1.9061315993711908e-06,0.0011581545034805654,-7.602035758895757e-05,-0.0002459694218826042,0.00012775271998829814,-2.0621831951877362e-05,-4.4093594881066505e-05,7.28412360718805e-06,0.005089700717185101,0.0049130334195638,-0.000176667297621301,-0.0006563776786888536,0.00023817689972012118,0.03912044488858434,-0.03294853244754612,0.1111894222247148
r_1m,SEGMENT,20:00-24:00,335288,8.993331989263231e-08,0.00025076071875594776,-0.4872969344483137,60.29638732653211,13.183920497164035,-0.011857251682944324,0.0066832361361912436,-0.0018205895660075,-0.0007191405303044743,-0.00031877422626531434,-8.342177039025007e-05,0.0,8.531519781177672e-05,0.0003195198498320987,0.0006944836951873706,0.0016780018583378152,4.3481888766412975e-07,24,-7.62311699929062e-07,9.421783397143265e-07,-8.847176169361304e-07,1.10061854715044e-06,0.0009475598429302423,-0.0001425877076696848,-0.0002319713807888371,-1.1875880982038787e-05,-2.4656835117103687e-05,-4.468664730119792e-05,-6.916324158099115e-06,0.005276061177256567,0.004724296724010403,-0.0005517644532461643,-0.0010215133603920011,-0.00021154686790201004,0.005157720862367547,-0.043718957145638525,0.05403439887037361
r_tilde,GLOBAL,GLOBAL,1914530,6.715755874546358e-07,0.000416620631432938,-0.19128116529472708,78.28834442661311,11.361376553701424,-0.019106646061257268,0.01860068705630909,-0.0027754145005208044,-0.0011346100450481537,-0.0005395488628740349,-0.00015343978397075258,0.0,0.00015744164534860683,0.0005331586155077179,0.001119092763537312,0.002761859200557354,2.9826203384738054e-07,35,8.698200111376998e-08,1.2561691737955018e-06,1.279600752002445e-07,1.2772794398511752e-06,0.0014957596339228267,-1.355529996345051e-05,-7.65914971333831e-05,4.7742349237838116e-05,-1.5517281510841596e-05,-2.5476704773240417e-05,-6.04393905718924e-06,0.0051281515567789485,0.004872214068204729,-0.00025593748857421963,-0.0004057211948846411,-0.00010507723411433261,,,
r_tilde,YEAR,2019,7406,1.0914313778378605e-06,0.00010760130774769568,0.006303973205565923,4.743278253507896,2.81303360681612,-0.000902271701379987,0.0008536136035791356,-0.0005248401083695081,-0.0002960613899419204,-0.00016703958884459408,-5.607941969192762e-05,0.0,5.821805408517904e-05,0.00016565823928583944,0.0002947655051791782,0.0005106148193773518,1.1666166698239426e-06,10,-1.195137295017067e-06,3.378000050692788e-06,-6.888625262430536e-07,2.814118278357199e-06,0.00035692446106428153,-1.4225288992156249e-05,-0.00014163933537845162,0.00013769072571832863,-1.29588476274219e-06,-1.6873153031403328e-05,2.687421216061394e-05,0.005130974885228194,0.004995949230353767,-0.0001350256548744268,-0.0018198362147406732,0.00146370949216901,,,
r_tilde,YEAR,2020,342648,2.0723369606959742e-06,0.0006306079718703558,-0.03309772789070518,50.914702940245604,14.849109298017279,-0.018350898907922374,0.01579614303645707,-0.0045015041936531846,-0.001810761864714201,-0.000782824106924446,-0.00019500161979969227,0.0,0.00020061740359051777,0.0007836892062120505,0.0017930563430840337,0.004549702637390778,1.06453448141968e-06,24,-1.415062288659874e-08,4.158824544278548e-06,7.344770984253295e-08,4.3465041265410446e-06,0.0024308304245900577,4.819844373759371e-05,-0.00017685570304564277,0.000357564257585861,-1.770552163016725e-05,-6.274412925283563e-05,3.251305208211713e-05,0.005016810254255095,0.0049847073381429335,-3.2102916112161824e-05,-0.0003552134333343233,0.00025038277365888343,,,
r_tilde,YEAR,2021,349039,5.025297073522099e-07,0.000290098058141725,-0.3352979965905625,13.82394129771906,5.896603184505439,-0.005883111736099857,0.006657549263945455,-0.0017609825521068523,-0.0008426536421419669,-0.000423321425957571,-0.0001254548739870862,0.0,0.00013015963401227332,0.00042178679830065405,0.000809631117424009,0.0015750459080374386,4.859308210872906e-07,24,-4.4989470197887973e-07,1.4549541166832994e-06,-5.112966673759559e-07,1.4205452875186133e-06,0.001046432054495847,-0.00018593664406941373,-0.0002539306660221218,-0.00010212950021136728,-3.302252471795795e-05,-4.92788900461707e-05,-1.2474096064772363e-05,0.0054463827824397845,0.004555364873266311,-0.0008910179091734735,-0.0012170600019464682,-0.0005222370307190033,,,
r_tilde,YEAR,2022,349996,-1.6066131410121936e-07,0.00047791044880465957,-0.08792314759248314,31.241867340249343,4.057234806026708,-0.016677475365059084,0.01379821647578412,-0.002489851184518354,-0.0012650038198232098,-0.0007045531634816154,-0.00023484026149876258,0.0,0.00023467582816085855,0.0007006659560053691,0.0012773169284935437,0.002517050683497147,8.022533092996306e-07,24,-1.7330778003284954e-06,1.4117551721260565e-06,-1.7017592908904388e-06,1.2844602926389757e-06,0.0015747055064568426,2.7199498978793066e-05,-0.00010144420916072861,0.00016111977638053727,1.2313108670333923e-05,-4.338746164101582e-06,3.2109650814281455e-05,0.005017200196573675,0.004982914090446748,-3.428610612692725e-05,-0.00039119501783412534,0.00027880580094776273,,,
r_tilde,YEAR,2023,349636,7.92272212532072e-07,0.000266580973755578,-0.28604150753872676,61.467843753864344,3.8862600253229784,-0.014996685547393442,0.008451297792907826,-0.0014182772505237824,-0.0006912024373112535,-0.00038938068750695684,-0.00013281756969583296,0.0,0.00013596113526858166,0.0003875893218265686,0.0006755693533541978,0.0014053791799677382,4.3065074769397173e-07,24,-5.1803252948112583e-08,1.6363476780122566e-06,-1.0226575479152128e-08,1.5740826102830559e-06,0.0008543780245599475,-1.28980705560442e-05,-6.305071183636427e-05,4.555472479500235e-05,-1.563308395705575e-05,-2.6529827719651042e-05,-4.787316710802752e-06,0.005234014803967555,0.004767815671155144,-0.00046619913281241085,-0.0007546958830468212,-0.00010678674350246725,,,
r_tilde,YEAR,2024,352261,7.72843481741707e-07,0.0002660747333349151,-0.7726061152961999,62.445221162957935,6.611321062905594,-0.01268580911540194,0.008206326294612912,-0.0016259030640832703,-0.0007140719090161646,-0.00037003433555210876,-0.00011752569716983343,0.0,0.00012405227726813457,0.00036317274316264236,0.0006797676504512752,0.0014903907144124156,4.3589025138575477e-07,24,-8.15014109743723e-08,1.6271883744577864e-06,-1.919590977037026e-07,1.7982473086264845e-06,0.0009000414949514901,-0.00013551234967085473,-0.00022100182312864098,-6.455055344286609e-05,-3.430425856488942e-05,-4.612475401849965e-05,-2.3289044773406052e-05,0.005427793596225526,0.004573313537405504,-0.0008544800588200221,-0.0011707800420717952,-0.0005637848511295374,,,
r_tilde,YEAR,2025,163544,-6.165606839768717e-07,0.0004747863290478547,-0.6074985923079204,101.82068109428391,13.54833185715254,-0.019106646061257268,0.01860068705630909,-0.0033506495478853445,-0.001284879610850355,-0.0005987127726704528,-0.00016924193598415654,0.0,0.00017306002288788294,0.0005788139814964427,0.0012494356001875593,0.0032546291704644258,1.177875218893853e-06,20,-2.9251961130088233e-06,1.69207474505508e-06,-2.895093130388031e-06,1.5505144591140742e-06,0.0017232482296738601,-9.602037742091878e-05,-0.00030694591146918884,0.00013021881695334808,-3.544401066279566e-05,-7.288178553469916e-05,4.846557422585951e-06,0.0052034926380668195,0.00479993151690065,-0.0004035611211661693,-0.0010283310766253193,0.00010067256935337508,,,
r_tilde,SEGMENT,00:00-02:00,168922,2.7160168522804383e-06,0.0005009231556666867,0.5639616169592943,95.29846744144552,16.792523504251893,-0.015615546332560277,0.01579614303645707,-0.0034646710156125363,-0.0013200288280249258,-0.0005904825855878039,-0.00016094817909350937,0.0,0.0001643879258709509,0.0005941400734372559,0.0013373274692923811,0.00367707848074527,1.2010080934204884e-06,20,3.6204098917628113e-07,5.069992715384595e-06,2.615122745131365e-07,5.150215696866758e-06,0.001802047891102786,0.0002124074651327335,-4.248255384990455e-05,0.0006363601444932345,1.729864126745538e-05,-2.057282567132841e-05,6.256542999963203e-05,0.004854311457359018,0.005150306058417494,0.00029599460105847637,-0.00021883213140614532,0.0008501567655871437,,,
r_tilde,SEGMENT,02:00-03:00,84663,2.7268378544552313e-06,0.00041747084468508726,0.5348139796064285,30.67538824726475,10.538365639938458,-0.008795501637756232,0.009310818745022726,-0.002616197874168335,-0.0011509252484909313,-0.0005554075392472407,-0.00015826997428964234,0.0,0.0001624941241373082,0.0005673039825763763,0.0011756892902022727,0.002933247728476329,1.386311518711351e-06,17,9.667277780983305e-09,5.44400843112948e-06,-1.9415471820668876e-07,5.510455045553814e-06,0.0015489506948706993,0.00031704985430799394,-1.5708901982214368e-05,0.0008664940427392815,2.4764041711341448e-05,-1.91724589478689e-05,6.782293948937538e-05,0.004949033225848364,0.005055337042155369,0.00010630381630700493,-0.0005379443897516651,0.0007918732640373068,,,
r_tilde,SEGMENT,03:00-08:30,465442,-2.828356469798119e-08,0.0003838736603457862,0.29909125076439397,42.552012028967525,8.237686844223685,-0.01093943762032792,0.013325967800843844,-0.0024206344663147443,-0.0010706847860077224,-0.0005306995211332546,-0.00015618313573598545,0.0,0.0001586820136895406,0.0005237153755123954,0.0010380894991277145,0.0023806592824606523,5.536128908209689e-07,26,-1.1133648307070801e-06,1.056797701311118e-06,-1.1980398464390692e-06,8.920577133681457e-07,0.0013642992169949134,-3.9975183854091927e-05,-0.00013895255649794237,5.190348897184371e-05,-3.259528688000788e-05,-4.7587736871736165e-05,-1.3093812566666198e-05,0.005210101366013381,0.004791144761323645,-0.0004189566046897356,-0.0006894709222759806,-0.00017053627328734723,,,
r_tilde,SEGMENT,08:30-09:30,84694,-1.5587770096490048e-07,0.0004129139540274672,-1.7748669619415716,151.01553224806986,9.940813665776407,-0.016677475365059084,0.01379821647578412,-0.0025326672193022293,-0.0010884861774850308,-0.000525980482636888,-0.00015127602828649296,0.0,0.00015169938116618527,0.0005257413035940686,0.0010951843107052236,0.002637696758866665,1.388659586034177e-06,17,-2.8776504895918874e-06,2.565895087662086e-06,-3.0112056933254896e-06,2.5077936898404877e-06,0.0014480734587075125,0.00010502953956443564,-0.00019153109512309014,0.00027227806682320586,6.698133220192767e-06,-3.265478832178006e-05,5.455900903891701e-05,0.004982643398587857,0.005018065034122842,3.542163553498477e-05,-0.0006680350642806029,0.0007270737665453027,,,
r_tilde,SEGMENT,09:30-16:02,537786,7.404017529007545e-07,0.0003408469063911177,0.2705654798817529,41.98722973227653,6.124490440131774,-0.011921617080653275,0.01860068705630909,-0.0019368482123354978,-0.0009492371116463507,-0.0004964966737931793,-0.00014736319039945333,0.0,0.00015285327942393274,0.00047812960018810786,0.0009310088327741968,0.002018939477065182,4.635565080672962e-07,26,-1.6816900291114607e-07,1.648972508712655e-06,-1.8761893551900304e-07,1.630634049386643e-06,0.0011983083629954908,8.20912647296842e-05,9.817558225271132e-06,0.00019427133735002978,-1.82282788721539e-05,-2.8691860900010287e-05,-3.2638082025274977e-06,0.004983394881979077,0.005016865444619235,3.3470562640158276e-05,-0.00026913285043727046,0.00027280330697684033,,,
r_tilde,SEGMENT,16:02-20:00,237735,1.0334410502559274e-06,0.0005026790441796728,-0.9496296439852393,89.72038148478566,18.67723691428786,-0.019106646061257268,0.013388226497054786,-0.003836135274399568,-0.0014034707728551165,-0.0005844523073043917,-0.0001531520351428727,0.0,0.00015862718814405865,0.0005888011523817496,0.0013566037769312564,0.0036757096755214427,1.0083443376616523e-06,22,-9.42913851560911e-07,3.0097959520727657e-06,-1.0249610296866294e-06,2.991037218649021e-06,0.0018762781215696715,-0.0001604255988781251,-0.00043258370839322836,8.824251389633041e-05,-4.68669959238601e-05,-8.965014260120616e-05,-5.439061357816716e-06,0.00515279618062128,0.004849937956127621,-0.00030285822449365937,-0.000722862596932438,0.0001430336259574812,,,
r_tilde,SEGMENT,20:00-24:00,335288,-6.383229577418255e-08,0.0004555806554274647,-0.511754362624775,65.05425479056262,13.56371832207697,-0.01748760189053474,0.014242848001808906,-0.003330205667769774,-0.0012959622147959372,-0.0005744621166843659,-0.0001552236070537763,0.0,0.00015930184823231017,0.0005738390777462535,0.0012428122797479358,0.0030671605523410533,7.790455366789509e-07,24,-1.5907615476649262e-06,1.4630969561165613e-06,-1.8431208533756628e-06,1.8045033242029654e-06,0.001704783123082306,-0.0002630451154287208,-0.0004420601482430588,-7.413314639436068e-05,-5.314993504800143e-05,-8.963368130979961e-05,-1.9053798466264975e-05,0.005311851303953616,0.004688506597313354,-0.0006233447066402616,-0.0010314107667701205,-0.0002042646882259804,,,
