hour_ny,n,zero_fraction,sigma_delta_close_points,tick_to_sigma_points,sigma_r_1m,tick_return_representative,tick_to_sigma_return,close_representative,median_range_points,tick_to_median_range,median_abs_ticks,prop_0_ticks,prop_abs_1_tick,prop_abs_le_2_ticks,prop_abs_le_5_ticks,n_distinct_r1m_central,n_distinct_ticks_central
0,84455,0.07711799182996862,2.616999580546388,0.09552924725643401,0.00021239042272609652,1.7438159925723805e-05,0.08210426676447859,14336.25,2.25,0.1111111111111111,4.0,0.07711799182996862,0.14671718666745603,0.35318216801847135,0.6345864661654136,41858,11
1,84467,0.05956172232943043,3.131672814624234,0.07982953992912482,0.00025435652008621863,1.7446374207808995e-05,0.06859023783583468,14329.5,2.75,0.09090909090909091,5.0,0.05956172232943043,0.1143049948500598,0.27937537736630874,0.5372393952667905,36698,11
2,84663,0.047435125143214865,3.6704384410078688,0.06811175395475433,0.0002862084841534434,1.7447287383399234e-05,0.06096006355299138,14328.75,3.5,0.07142857142857142,6.0,0.047435125143214865,0.09248432018709472,0.2249979329813496,0.44779892042568775,31366,11
3,84675,0.03374077354591083,4.834387677201065,0.051712857282629206,0.0003613713218284787,1.7421754545290427e-05,0.0482101193230809,14349.75,5.25,0.047619047619047616,9.0,0.03374077354591083,0.06415116622379687,0.1622084440507824,0.3364157071154414,24302,11
4,84638,0.038446088045558734,4.4200366220884515,0.05656061733757217,0.0003309699404979646,1.740719787667723e-05,0.05259449800935708,14361.75,4.5,0.05555555555555555,8.0,0.038446088045558734,0.07503721732555117,0.18495238545334247,0.3754460171554148,26766,11
5,84612,0.044615420980475586,3.679764701323363,0.06793912662678998,0.00028157441207825,1.739417816898922e-05,0.061774711844751536,14372.5,4.0,0.0625,7.0,0.044615420980475586,0.08549614711861202,0.21300761121353945,0.4285089585401598,30189,11
6,84436,0.04454261215595244,3.955228554809375,0.06320747247235854,0.00029389706755405886,1.7387826783007246e-05,0.059162981542199164,14377.75,3.75,0.06666666666666667,7.0,0.04454261215595244,0.08606518546591502,0.21368847411056896,0.4252806859633332,29961,11
7,84716,0.03963832097832759,4.286329372410555,0.0583249625213483,0.00031727062469994876,1.7396296328872133e-05,0.05483109678157022,14370.75,4.25,0.058823529411764705,7.0,0.03963832097832759,0.07909957977241608,0.1941427829453704,0.39344397752490673,28033,11
8,84720,0.034525495750708214,6.94522549443902,0.03599595149216865,0.0005202287843121973,1.739796095943343e-05,0.03344290336113475,14369.375,5.25,0.047619047619047616,9.0,0.034525495750708214,0.064719074598678,0.16421152030217187,0.33622521246458925,24243,11
9,84122,0.023549131023988968,9.440782959762663,0.026480854508097378,0.0006886692176314662,1.7390245811663817e-05,0.02525195749488257,14375.75,9.5,0.02631578947368421,15.0,0.023549131023988968,0.04290197570195668,0.1076412828986472,0.2274196999595825,16547,11
10,83611,0.015237229551135616,10.197309711215523,0.02451627018104954,0.0007245833182328904,1.7419933630507883e-05,0.024041312009489144,14351.25,12.0,0.020833333333333332,19.0,0.015237229551135616,0.03134754996352155,0.07699943787300714,0.16427264355168578,12157,11
11,83631,0.019813227152610875,7.791400006983976,0.03208665962162224,0.0005647787637760993,1.7385710684754705e-05,0.030783223095206695,14379.5,9.25,0.02702702702702703,15.0,0.019813227152610875,0.03859812748861068,0.098169339120661,0.2101254319570494,15382,11
12,83633,0.02325637009314505,6.686725237282152,0.0373875090015832,0.0004892925949074383,1.7402048221453046e-05,0.03556572979557369,14366.0,7.75,0.03225806451612903,13.0,0.02325637009314505,0.049143280762378484,0.11888847703657647,0.2482871593748879,18088,11
13,80847,0.023921728697416107,7.202907179592297,0.034708207917535684,0.0005132216963383614,1.7454900900244568e-05,0.03401045011303798,14322.5,7.5,0.03333333333333333,12.0,0.023921728697416107,0.04705183865820624,0.11832226304006332,0.251239996536668,17657,11
14,80793,0.023009419132845668,7.497387013403352,0.03334495065455016,0.0005557025013380705,1.7460996499544948e-05,0.031421482641342785,14317.5,7.75,0.03225806451612903,13.0,0.023009419132845668,0.04535046353025633,0.11420543858997685,0.24458802123946383,17197,11
15,80794,0.01990246800504988,7.92608864042133,0.03154140854860672,0.0006089790224918807,1.747823959213599e-05,0.028700889433952582,14303.375,8.75,0.02857142857142857,14.0,0.01990246800504988,0.039854444636977994,0.09952471718196895,0.21433522291259252,15256,11
16,74910,0.055600053397410226,5.536606707529785,0.04515401096848725,0.00040289082583549074,1.6949583464415176e-05,0.042069916656121795,14749.5,3.5,0.07142857142857142,6.0,0.055600053397410226,0.1065545321051929,0.2606060606060606,0.4935255640101455,30055,11
17,1343,0.045420699925539834,3.00684419013666,0.0831436496843016,0.0002222984787841526,1.7444243836013956e-05,0.07847216918183218,14331.25,3.75,0.06666666666666667,6.0,0.045420699925539834,0.09307520476545049,0.2509307520476545,0.49069247952345496,599,11
18,80700,0.057558859975216856,4.214015958792423,0.05932583133160239,0.0003388785639476828,1.741416991058584e-05,0.05138764077527872,14356.0,3.0,0.08333333333333333,5.0,0.057558859975216856,0.11309789343246593,0.2728252788104089,0.5138537794299876,33557,11
19,83476,0.06243710767166611,3.216242686680658,0.07773045269106044,0.00024716311738671196,1.741553465733759e-05,0.07046170497230461,14354.875,2.75,0.09090909090909091,5.0,0.06243710767166611,0.117650582203268,0.28855000239589823,0.5454501892759596,36593,11
20,83579,0.04977326840474282,3.7610638646439245,0.06647055434238645,0.0002815767551431926,1.7434207659288957e-05,0.06191635971663567,14339.5,3.5,0.07142857142857142,6.0,0.04977326840474282,0.09522727000801637,0.23665035475418467,0.46911305471470105,32456,11
21,83580,0.053170614979660205,3.3665311717606787,0.07426041442808066,0.00026555995431067644,1.7439376368328925e-05,0.06567020397934976,14335.25,3.25,0.07692307692307693,6.0,0.053170614979660205,0.1035175879396985,0.2543072505384063,0.4987676477626226,34075,11
22,83670,0.06555515716505318,2.993758879465512,0.08350705920733119,0.00024065464218526604,1.7439376368328925e-05,0.07246640334867657,14335.25,2.75,0.09090909090909091,5.0,0.06555515716505318,0.12444125732042548,0.30315525277877375,0.5686745547986136,37924,11
23,84459,0.07435560449448846,2.5951783842422222,0.09633249163833438,0.0002097782848701386,1.7432384140435358e-05,0.08309908793098733,14341.0,2.25,0.1111111111111111,4.0,0.07435560449448846,0.14135852899039772,0.343918350915829,0.6226926674481109,41034,11
