trading_date,expected,present,missing,coverage_pct,is_early_close,source_file
2019-12-23,1125,1109,16,98.57777777777778,False,00_mnq_03_20.Last.txt
2019-12-24,1140,1104,36,96.84210526315789,True,00_mnq_03_20.Last.txt
2019-12-26,1365,1282,83,93.91941391941391,False,00_mnq_03_20.Last.txt
2019-12-27,1365,1361,4,99.70695970695971,False,00_mnq_03_20.Last.txt
2019-12-30,1365,1359,6,99.56043956043956,False,00_mnq_03_20.Last.txt
2019-12-31,1365,1342,23,98.31501831501832,False,00_mnq_03_20.Last.txt
2020-01-02,1365,1364,1,99.92673992673993,False,00_mnq_03_20.Last.txt
2020-01-03,1365,1365,0,100.0,False,00_mnq_03_20.Last.txt
2020-01-06,1365,1365,0,100.0,False,00_mnq_03_20.Last.txt
2020-01-07,1365,1365,0,100.0,False,00_mnq_03_20.Last.txt
2020-01-08,1365,1365,0,100.0,False,00_mnq_03_20.Last.txt
2020-01-09,1365,1365,0,100.0,False,00_mnq_03_20.Last.txt
2020-01-10,1365,1365,0,100.0,False,00_mnq_03_20.Last.txt
2020-01-13,1365,1364,1,99.92673992673993,False,00_mnq_03_20.Last.txt
2020-01-14,1365,1364,1,99.92673992673993,False,00_mnq_03_20.Last.txt
2020-01-15,1365,1365,0,100.0,False,00_mnq_03_20.Last.txt
2020-01-16,1365,1365,0,100.0,False,00_mnq_03_20.Last.txt
2020-01-17,1365,1364,1,99.92673992673993,False,00_mnq_03_20.Last.txt
2020-01-20,1140,1120,20,98.24561403508773,True,00_mnq_03_20.Last.txt
2020-01-21,1365,1363,2,99.85347985347985,False,00_mnq_03_20.Last.txt
2020-01-22,1365,1365,0,100.0,False,00_mnq_03_20.Last.txt
2020-01-23,1365,1365,0,100.0,False,00_mnq_03_20.Last.txt
2020-01-24,1365,1360,5,99.63369963369964,False,00_mnq_03_20.Last.txt
2020-01-27,1365,1365,0,100.0,False,00_mnq_03_20.Last.txt
2020-01-28,1365,1365,0,100.0,False,00_mnq_03_20.Last.txt
2020-01-29,1365,1365,0,100.0,False,00_mnq_03_20.Last.txt
2020-01-30,1365,1365,0,100.0,False,00_mnq_03_20.Last.txt
2020-01-31,1365,1365,0,100.0,False,00_mnq_03_20.Last.txt
2020-02-03,1365,1365,0,100.0,False,00_mnq_03_20.Last.txt
2020-02-04,1365,1365,0,100.0,False,00_mnq_03_20.Last.txt
2020-02-05,1365,1365,0,100.0,False,00_mnq_03_20.Last.txt
2020-02-06,1365,1365,0,100.0,False,00_mnq_03_20.Last.txt
2020-02-07,1365,1365,0,100.0,False,00_mnq_03_20.Last.txt
2020-02-10,1365,1365,0,100.0,False,00_mnq_03_20.Last.txt
2020-02-11,1365,1365,0,100.0,False,00_mnq_03_20.Last.txt
2020-02-12,1365,1365,0,100.0,False,00_mnq_03_20.Last.txt
2020-02-13,1365,1365,0,100.0,False,00_mnq_03_20.Last.txt
2020-02-14,1365,1365,0,100.0,False,00_mnq_03_20.Last.txt
2020-02-17,1140,1140,0,100.0,True,00_mnq_03_20.Last.txt
2020-02-18,1365,1365,0,100.0,False,00_mnq_03_20.Last.txt
2020-02-19,1365,1365,0,100.0,False,00_mnq_03_20.Last.txt
2020-02-20,1365,1365,0,100.0,False,00_mnq_03_20.Last.txt
2020-02-21,1365,1365,0,100.0,False,00_mnq_03_20.Last.txt
2020-02-24,1365,1365,0,100.0,False,00_mnq_03_20.Last.txt
2020-02-25,1365,1365,0,100.0,False,00_mnq_03_20.Last.txt
2020-02-26,1365,1365,0,100.0,False,00_mnq_03_20.Last.txt
2020-02-27,1365,1365,0,100.0,False,00_mnq_03_20.Last.txt
2020-02-28,1365,1365,0,100.0,False,00_mnq_03_20.Last.txt
2020-03-02,1365,1365,0,100.0,False,00_mnq_03_20.Last.txt
2020-03-03,1365,1365,0,100.0,False,00_mnq_03_20.Last.txt
2020-03-04,1365,1365,0,100.0,False,00_mnq_03_20.Last.txt
2020-03-05,1365,1365,0,100.0,False,00_mnq_03_20.Last.txt
2020-03-06,1365,1365,0,100.0,False,00_mnq_03_20.Last.txt
2020-03-09,1365,1005,360,73.62637362637362,False,00_mnq_03_20.Last.txt
2020-03-10,1365,1365,0,100.0,False,00_mnq_03_20.Last.txt
2020-03-11,1365,1365,0,100.0,False,00_mnq_03_20.Last.txt
2020-03-12,1365,1312,53,96.11721611721612,False,00_mnq_03_20.Last.txt
2020-03-13,1365,1285,80,94.13919413919415,False,00_mnq_03_20.Last.txt
2020-03-16,1365,606,759,44.395604395604394,False,00_mnq_03_20.Last.txt
2020-03-17,1365,1042,323,76.33699633699634,False,00_mnq_03_20.Last.txt
2020-03-18,1365,273,1092,20.0,False,00_mnq_03_20.Last.txt
2020-03-19,1365,1357,8,99.41391941391942,False,00_mnq_03_20.Last.txt
2020-03-20,930,787,143,84.6236559139785,False,00_mnq_03_20.Last.txt
2020-03-23,1065,1065,0,100.0,False,01_mnq_06_20.Last.txt
2020-03-24,1365,1345,20,98.53479853479854,False,01_mnq_06_20.Last.txt
2020-03-25,1365,1365,0,100.0,False,01_mnq_06_20.Last.txt
2020-03-26,1365,1365,0,100.0,False,01_mnq_06_20.Last.txt
2020-03-27,1365,1365,0,100.0,False,01_mnq_06_20.Last.txt
2020-03-30,1365,1365,0,100.0,False,01_mnq_06_20.Last.txt
2020-03-31,1365,1365,0,100.0,False,01_mnq_06_20.Last.txt
2020-04-01,1365,1365,0,100.0,False,01_mnq_06_20.Last.txt
2020-04-02,1365,1365,0,100.0,False,01_mnq_06_20.Last.txt
2020-04-03,1365,1365,0,100.0,False,01_mnq_06_20.Last.txt
2020-04-06,1365,1365,0,100.0,False,01_mnq_06_20.Last.txt
2020-04-07,1365,1356,9,99.34065934065934,False,01_mnq_06_20.Last.txt
2020-04-08,1365,1365,0,100.0,False,01_mnq_06_20.Last.txt
2020-04-09,1365,1365,0,100.0,False,01_mnq_06_20.Last.txt
2020-04-13,1365,1365,0,100.0,False,01_mnq_06_20.Last.txt
2020-04-14,1365,1365,0,100.0,False,01_mnq_06_20.Last.txt
2020-04-15,1365,1365,0,100.0,False,01_mnq_06_20.Last.txt
2020-04-16,1365,1365,0,100.0,False,01_mnq_06_20.Last.txt
2020-04-17,1365,1365,0,100.0,False,01_mnq_06_20.Last.txt
2020-04-20,1365,1365,0,100.0,False,01_mnq_06_20.Last.txt
2020-04-21,1365,1365,0,100.0,False,01_mnq_06_20.Last.txt
2020-04-22,1365,1365,0,100.0,False,01_mnq_06_20.Last.txt
2020-04-23,1365,1365,0,100.0,False,01_mnq_06_20.Last.txt
2020-04-24,1365,1365,0,100.0,False,01_mnq_06_20.Last.txt
2020-04-27,1365,1365,0,100.0,False,01_mnq_06_20.Last.txt
2020-04-28,1365,1365,0,100.0,False,01_mnq_06_20.Last.txt
2020-04-29,1365,1365,0,100.0,False,01_mnq_06_20.Last.txt
2020-04-30,1365,1365,0,100.0,False,01_mnq_06_20.Last.txt
2020-05-01,1365,1365,0,100.0,False,01_mnq_06_20.Last.txt
2020-05-04,1365,1365,0,100.0,False,01_mnq_06_20.Last.txt
2020-05-05,1365,1365,0,100.0,False,01_mnq_06_20.Last.txt
2020-05-06,1365,1365,0,100.0,False,01_mnq_06_20.Last.txt
2020-05-07,1365,1365,0,100.0,False,01_mnq_06_20.Last.txt
2020-05-08,1365,1365,0,100.0,False,01_mnq_06_20.Last.txt
2020-05-11,1365,1365,0,100.0,False,01_mnq_06_20.Last.txt
2020-05-12,1365,1365,0,100.0,False,01_mnq_06_20.Last.txt
2020-05-13,1365,1365,0,100.0,False,01_mnq_06_20.Last.txt
2020-05-14,1365,1365,0,100.0,False,01_mnq_06_20.Last.txt
2020-05-15,1365,1365,0,100.0,False,01_mnq_06_20.Last.txt
2020-05-18,1365,1365,0,100.0,False,01_mnq_06_20.Last.txt
2020-05-19,1365,1365,0,100.0,False,01_mnq_06_20.Last.txt
2020-05-20,1365,1365,0,100.0,False,01_mnq_06_20.Last.txt
2020-05-21,1365,1365,0,100.0,False,01_mnq_06_20.Last.txt
2020-05-22,1365,1365,0,100.0,False,01_mnq_06_20.Last.txt
2020-05-25,1140,1140,0,100.0,True,01_mnq_06_20.Last.txt
2020-05-26,1365,1365,0,100.0,False,01_mnq_06_20.Last.txt
2020-05-27,1365,1365,0,100.0,False,01_mnq_06_20.Last.txt
2020-05-28,1365,1365,0,100.0,False,01_mnq_06_20.Last.txt
2020-05-29,1365,1365,0,100.0,False,01_mnq_06_20.Last.txt
2020-06-01,1365,1365,0,100.0,False,01_mnq_06_20.Last.txt
2020-06-02,1365,1365,0,100.0,False,01_mnq_06_20.Last.txt
2020-06-03,1365,1363,2,99.85347985347985,False,01_mnq_06_20.Last.txt
2020-06-04,1365,1365,0,100.0,False,01_mnq_06_20.Last.txt
2020-06-05,1365,1365,0,100.0,False,01_mnq_06_20.Last.txt
2020-06-08,1365,1365,0,100.0,False,01_mnq_06_20.Last.txt
2020-06-09,1365,1365,0,100.0,False,01_mnq_06_20.Last.txt
2020-06-10,1365,1365,0,100.0,False,01_mnq_06_20.Last.txt
2020-06-11,1365,1365,0,100.0,False,01_mnq_06_20.Last.txt
2020-06-12,1365,1365,0,100.0,False,01_mnq_06_20.Last.txt
2020-06-15,1365,1364,1,99.92673992673993,False,01_mnq_06_20.Last.txt
2020-06-16,1365,1364,1,99.92673992673993,False,01_mnq_06_20.Last.txt
2020-06-17,1365,1360,5,99.63369963369964,False,01_mnq_06_20.Last.txt
2020-06-18,1365,1328,37,97.28937728937728,False,01_mnq_06_20.Last.txt
2020-06-19,930,657,273,70.64516129032258,False,01_mnq_06_20.Last.txt
2020-06-22,1065,1065,0,100.0,False,02_mnq_09_20.Last.txt
2020-06-23,1365,1365,0,100.0,False,02_mnq_09_20.Last.txt
2020-06-24,1365,1365,0,100.0,False,02_mnq_09_20.Last.txt
2020-06-25,1365,1365,0,100.0,False,02_mnq_09_20.Last.txt
2020-06-26,1365,1365,0,100.0,False,02_mnq_09_20.Last.txt
2020-06-29,1365,1365,0,100.0,False,02_mnq_09_20.Last.txt
2020-06-30,1365,1365,0,100.0,False,02_mnq_09_20.Last.txt
2020-07-01,1365,1365,0,100.0,False,02_mnq_09_20.Last.txt
2020-07-02,1365,1365,0,100.0,False,02_mnq_09_20.Last.txt
2020-07-03,1140,1140,0,100.0,True,02_mnq_09_20.Last.txt
2020-07-06,1365,1365,0,100.0,False,02_mnq_09_20.Last.txt
2020-07-07,1365,1365,0,100.0,False,02_mnq_09_20.Last.txt
2020-07-08,1365,1365,0,100.0,False,02_mnq_09_20.Last.txt
2020-07-09,1365,1365,0,100.0,False,02_mnq_09_20.Last.txt
2020-07-10,1365,1365,0,100.0,False,02_mnq_09_20.Last.txt
2020-07-13,1365,1365,0,100.0,False,02_mnq_09_20.Last.txt
2020-07-14,1365,1365,0,100.0,False,02_mnq_09_20.Last.txt
2020-07-15,1365,1365,0,100.0,False,02_mnq_09_20.Last.txt
2020-07-16,1365,1365,0,100.0,False,02_mnq_09_20.Last.txt
2020-07-17,1365,1365,0,100.0,False,02_mnq_09_20.Last.txt
2020-07-20,1365,1365,0,100.0,False,02_mnq_09_20.Last.txt
2020-07-21,1365,1359,6,99.56043956043956,False,02_mnq_09_20.Last.txt
2020-07-22,1365,1365,0,100.0,False,02_mnq_09_20.Last.txt
2020-07-23,1365,1365,0,100.0,False,02_mnq_09_20.Last.txt
2020-07-24,1365,1365,0,100.0,False,02_mnq_09_20.Last.txt
2020-07-27,1365,1365,0,100.0,False,02_mnq_09_20.Last.txt
2020-07-28,1365,1365,0,100.0,False,02_mnq_09_20.Last.txt
2020-07-29,1365,1365,0,100.0,False,02_mnq_09_20.Last.txt
2020-07-30,1365,1365,0,100.0,False,02_mnq_09_20.Last.txt
2020-07-31,1365,1365,0,100.0,False,02_mnq_09_20.Last.txt
2020-08-03,1365,1365,0,100.0,False,02_mnq_09_20.Last.txt
2020-08-04,1365,1365,0,100.0,False,02_mnq_09_20.Last.txt
2020-08-05,1365,1365,0,100.0,False,02_mnq_09_20.Last.txt
2020-08-06,1365,1365,0,100.0,False,02_mnq_09_20.Last.txt
2020-08-07,1365,1365,0,100.0,False,02_mnq_09_20.Last.txt
2020-08-10,1365,1365,0,100.0,False,02_mnq_09_20.Last.txt
2020-08-11,1365,1365,0,100.0,False,02_mnq_09_20.Last.txt
2020-08-12,1365,1365,0,100.0,False,02_mnq_09_20.Last.txt
2020-08-13,1365,1365,0,100.0,False,02_mnq_09_20.Last.txt
2020-08-14,1365,1365,0,100.0,False,02_mnq_09_20.Last.txt
2020-08-17,1365,1365,0,100.0,False,02_mnq_09_20.Last.txt
2020-08-18,1365,1365,0,100.0,False,02_mnq_09_20.Last.txt
2020-08-19,1365,1365,0,100.0,False,02_mnq_09_20.Last.txt
2020-08-20,1365,1365,0,100.0,False,02_mnq_09_20.Last.txt
2020-08-21,1365,1365,0,100.0,False,02_mnq_09_20.Last.txt
2020-08-24,1365,1365,0,100.0,False,02_mnq_09_20.Last.txt
2020-08-25,1365,1365,0,100.0,False,02_mnq_09_20.Last.txt
2020-08-26,1365,1365,0,100.0,False,02_mnq_09_20.Last.txt
2020-08-27,1365,1365,0,100.0,False,02_mnq_09_20.Last.txt
2020-08-28,1365,1365,0,100.0,False,02_mnq_09_20.Last.txt
2020-08-31,1365,1365,0,100.0,False,02_mnq_09_20.Last.txt
2020-09-01,1365,1365,0,100.0,False,02_mnq_09_20.Last.txt
2020-09-02,1365,1365,0,100.0,False,02_mnq_09_20.Last.txt
2020-09-03,1365,1364,1,99.92673992673993,False,02_mnq_09_20.Last.txt
2020-09-04,1365,1365,0,100.0,False,02_mnq_09_20.Last.txt
2020-09-07,1140,1140,0,100.0,True,02_mnq_09_20.Last.txt
2020-09-08,1365,1365,0,100.0,False,02_mnq_09_20.Last.txt
2020-09-09,1365,1365,0,100.0,False,02_mnq_09_20.Last.txt
2020-09-10,1365,1349,16,98.82783882783883,False,02_mnq_09_20.Last.txt
2020-09-11,1365,1349,16,98.82783882783883,False,02_mnq_09_20.Last.txt
2020-09-14,1365,1365,0,100.0,False,02_mnq_09_20.Last.txt
2020-09-15,1365,1365,0,100.0,False,02_mnq_09_20.Last.txt
2020-09-16,1365,1360,5,99.63369963369964,False,02_mnq_09_20.Last.txt
2020-09-17,1365,1362,3,99.78021978021978,False,02_mnq_09_20.Last.txt
2020-09-18,930,871,59,93.65591397849462,False,02_mnq_09_20.Last.txt
2020-09-21,1065,1065,0,100.0,False,03_mnq_12_20.Last.txt
2020-09-22,1365,1365,0,100.0,False,03_mnq_12_20.Last.txt
2020-09-23,1365,1364,1,99.92673992673993,False,03_mnq_12_20.Last.txt
2020-09-24,1365,1365,0,100.0,False,03_mnq_12_20.Last.txt
2020-09-25,1365,1365,0,100.0,False,03_mnq_12_20.Last.txt
2020-09-28,1365,1365,0,100.0,False,03_mnq_12_20.Last.txt
2020-09-29,1365,1365,0,100.0,False,03_mnq_12_20.Last.txt
2020-09-30,1365,1365,0,100.0,False,03_mnq_12_20.Last.txt
2020-10-01,1365,1365,0,100.0,False,03_mnq_12_20.Last.txt
2020-10-02,1365,1365,0,100.0,False,03_mnq_12_20.Last.txt
2020-10-05,1365,1365,0,100.0,False,03_mnq_12_20.Last.txt
2020-10-06,1365,1365,0,100.0,False,03_mnq_12_20.Last.txt
2020-10-07,1365,1365,0,100.0,False,03_mnq_12_20.Last.txt
2020-10-08,1365,1365,0,100.0,False,03_mnq_12_20.Last.txt
2020-10-09,1365,1365,0,100.0,False,03_mnq_12_20.Last.txt
2020-10-12,1365,1365,0,100.0,False,03_mnq_12_20.Last.txt
2020-10-13,1365,1365,0,100.0,False,03_mnq_12_20.Last.txt
2020-10-14,1365,1365,0,100.0,False,03_mnq_12_20.Last.txt
2020-10-15,1365,1365,0,100.0,False,03_mnq_12_20.Last.txt
2020-10-16,1365,1365,0,100.0,False,03_mnq_12_20.Last.txt
2020-10-19,1365,1292,73,94.65201465201466,False,03_mnq_12_20.Last.txt
2020-10-20,1365,1292,73,94.65201465201466,False,03_mnq_12_20.Last.txt
2020-10-21,1365,1292,73,94.65201465201466,False,03_mnq_12_20.Last.txt
2020-10-22,1365,1292,73,94.65201465201466,False,03_mnq_12_20.Last.txt
2020-10-23,1365,695,670,50.91575091575091,False,03_mnq_12_20.Last.txt
2020-10-26,1365,1365,0,100.0,False,03_mnq_12_20.Last.txt
2020-10-27,1365,1365,0,100.0,False,03_mnq_12_20.Last.txt
2020-10-28,1365,1365,0,100.0,False,03_mnq_12_20.Last.txt
2020-10-29,1365,1365,0,100.0,False,03_mnq_12_20.Last.txt
2020-10-30,1365,1365,0,100.0,False,03_mnq_12_20.Last.txt
2020-11-02,1365,1365,0,100.0,False,03_mnq_12_20.Last.txt
2020-11-03,1365,1365,0,100.0,False,03_mnq_12_20.Last.txt
2020-11-04,1365,1364,1,99.92673992673993,False,03_mnq_12_20.Last.txt
2020-11-05,1365,1365,0,100.0,False,03_mnq_12_20.Last.txt
2020-11-06,1365,1365,0,100.0,False,03_mnq_12_20.Last.txt
2020-11-09,1365,1364,1,99.92673992673993,False,03_mnq_12_20.Last.txt
2020-11-10,1365,1365,0,100.0,False,03_mnq_12_20.Last.txt
2020-11-11,1365,1365,0,100.0,False,03_mnq_12_20.Last.txt
2020-11-12,1365,1365,0,100.0,False,03_mnq_12_20.Last.txt
2020-11-13,1365,1365,0,100.0,False,03_mnq_12_20.Last.txt
2020-11-16,1365,1365,0,100.0,False,03_mnq_12_20.Last.txt
2020-11-17,1365,1365,0,100.0,False,03_mnq_12_20.Last.txt
2020-11-18,1365,1365,0,100.0,False,03_mnq_12_20.Last.txt
2020-11-19,1365,1365,0,100.0,False,03_mnq_12_20.Last.txt
2020-11-20,1365,1365,0,100.0,False,03_mnq_12_20.Last.txt
2020-11-23,1365,1356,9,99.34065934065934,False,03_mnq_12_20.Last.txt
2020-11-24,1365,1365,0,100.0,False,03_mnq_12_20.Last.txt
2020-11-25,1365,1365,0,100.0,False,03_mnq_12_20.Last.txt
2020-11-26,1140,1140,0,100.0,True,03_mnq_12_20.Last.txt
2020-11-27,1140,1140,0,100.0,True,03_mnq_12_20.Last.txt
2020-11-30,1365,1365,0,100.0,False,03_mnq_12_20.Last.txt
2020-12-01,1365,1365,0,100.0,False,03_mnq_12_20.Last.txt
2020-12-02,1365,1365,0,100.0,False,03_mnq_12_20.Last.txt
2020-12-03,1365,1365,0,100.0,False,03_mnq_12_20.Last.txt
2020-12-04,1365,1365,0,100.0,False,03_mnq_12_20.Last.txt
2020-12-07,1365,1365,0,100.0,False,03_mnq_12_20.Last.txt
2020-12-08,1365,1365,0,100.0,False,03_mnq_12_20.Last.txt
2020-12-09,1365,1365,0,100.0,False,03_mnq_12_20.Last.txt
2020-12-10,1365,1365,0,100.0,False,03_mnq_12_20.Last.txt
2020-12-11,1365,1365,0,100.0,False,03_mnq_12_20.Last.txt
2020-12-14,1365,1364,1,99.92673992673993,False,03_mnq_12_20.Last.txt
2020-12-15,1365,1365,0,100.0,False,03_mnq_12_20.Last.txt
2020-12-16,1365,1364,1,99.92673992673993,False,03_mnq_12_20.Last.txt
2020-12-17,1365,1349,16,98.82783882783883,False,03_mnq_12_20.Last.txt
2020-12-18,240,202,38,84.16666666666667,False,03_mnq_12_20.Last.txt
2020-12-21,1125,1125,0,100.0,False,04_mnq_03_21.Last.txt
2020-12-22,1365,1365,0,100.0,False,04_mnq_03_21.Last.txt
2020-12-23,1365,1365,0,100.0,False,04_mnq_03_21.Last.txt
2020-12-24,1140,1140,0,100.0,True,04_mnq_03_21.Last.txt
2020-12-28,1365,1365,0,100.0,False,04_mnq_03_21.Last.txt
2020-12-29,1365,1365,0,100.0,False,04_mnq_03_21.Last.txt
2020-12-30,1365,1365,0,100.0,False,04_mnq_03_21.Last.txt
2020-12-31,1365,1365,0,100.0,False,04_mnq_03_21.Last.txt
2021-01-04,1365,1365,0,100.0,False,04_mnq_03_21.Last.txt
2021-01-05,1365,1365,0,100.0,False,04_mnq_03_21.Last.txt
2021-01-06,1365,1365,0,100.0,False,04_mnq_03_21.Last.txt
2021-01-07,1365,1365,0,100.0,False,04_mnq_03_21.Last.txt
2021-01-08,1365,1365,0,100.0,False,04_mnq_03_21.Last.txt
2021-01-11,1365,1365,0,100.0,False,04_mnq_03_21.Last.txt
2021-01-12,1365,1365,0,100.0,False,04_mnq_03_21.Last.txt
2021-01-13,1365,1365,0,100.0,False,04_mnq_03_21.Last.txt
2021-01-14,1365,1365,0,100.0,False,04_mnq_03_21.Last.txt
2021-01-15,1365,1365,0,100.0,False,04_mnq_03_21.Last.txt
2021-01-18,1140,1140,0,100.0,True,04_mnq_03_21.Last.txt
2021-01-19,1365,1365,0,100.0,False,04_mnq_03_21.Last.txt
2021-01-20,1365,1365,0,100.0,False,04_mnq_03_21.Last.txt
2021-01-21,1365,1365,0,100.0,False,04_mnq_03_21.Last.txt
2021-01-22,1365,1365,0,100.0,False,04_mnq_03_21.Last.txt
2021-01-25,1365,1365,0,100.0,False,04_mnq_03_21.Last.txt
2021-01-26,1365,1365,0,100.0,False,04_mnq_03_21.Last.txt
2021-01-27,1365,1365,0,100.0,False,04_mnq_03_21.Last.txt
2021-01-28,1365,1365,0,100.0,False,04_mnq_03_21.Last.txt
2021-01-29,1365,1365,0,100.0,False,04_mnq_03_21.Last.txt
2021-02-01,1365,1365,0,100.0,False,04_mnq_03_21.Last.txt
2021-02-02,1365,1365,0,100.0,False,04_mnq_03_21.Last.txt
2021-02-03,1365,1365,0,100.0,False,04_mnq_03_21.Last.txt
2021-02-04,1365,1365,0,100.0,False,04_mnq_03_21.Last.txt
2021-02-05,1365,1365,0,100.0,False,04_mnq_03_21.Last.txt
2021-02-08,1365,1365,0,100.0,False,04_mnq_03_21.Last.txt
2021-02-09,1365,1365,0,100.0,False,04_mnq_03_21.Last.txt
2021-02-10,1365,1365,0,100.0,False,04_mnq_03_21.Last.txt
2021-02-11,1365,1365,0,100.0,False,04_mnq_03_21.Last.txt
2021-02-12,1365,1365,0,100.0,False,04_mnq_03_21.Last.txt
2021-02-15,1140,1139,1,99.91228070175438,True,04_mnq_03_21.Last.txt
2021-02-16,1365,1365,0,100.0,False,04_mnq_03_21.Last.txt
2021-02-17,1365,1365,0,100.0,False,04_mnq_03_21.Last.txt
2021-02-18,1365,1365,0,100.0,False,04_mnq_03_21.Last.txt
2021-02-19,1365,1365,0,100.0,False,04_mnq_03_21.Last.txt
2021-02-22,1365,1365,0,100.0,False,04_mnq_03_21.Last.txt
2021-02-23,1365,1365,0,100.0,False,04_mnq_03_21.Last.txt
2021-02-24,1365,1365,0,100.0,False,04_mnq_03_21.Last.txt
2021-02-25,1365,1365,0,100.0,False,04_mnq_03_21.Last.txt
2021-02-26,1365,1365,0,100.0,False,04_mnq_03_21.Last.txt
2021-03-01,1365,1365,0,100.0,False,04_mnq_03_21.Last.txt
2021-03-02,1365,1365,0,100.0,False,04_mnq_03_21.Last.txt
2021-03-03,1365,1365,0,100.0,False,04_mnq_03_21.Last.txt
2021-03-04,1365,1365,0,100.0,False,04_mnq_03_21.Last.txt
2021-03-05,1365,1365,0,100.0,False,04_mnq_03_21.Last.txt
2021-03-08,1365,1365,0,100.0,False,04_mnq_03_21.Last.txt
2021-03-09,1365,1365,0,100.0,False,04_mnq_03_21.Last.txt
2021-03-10,1365,1365,0,100.0,False,04_mnq_03_21.Last.txt
2021-03-11,1365,1365,0,100.0,False,04_mnq_03_21.Last.txt
2021-03-12,1365,1365,0,100.0,False,04_mnq_03_21.Last.txt
2021-03-15,1365,1365,0,100.0,False,04_mnq_03_21.Last.txt
2021-03-16,1365,1365,0,100.0,False,04_mnq_03_21.Last.txt
2021-03-17,1365,1364,1,99.92673992673993,False,04_mnq_03_21.Last.txt
2021-03-18,1365,1365,0,100.0,False,04_mnq_03_21.Last.txt
2021-03-19,930,859,71,92.36559139784946,False,04_mnq_03_21.Last.txt
2021-03-22,1065,1065,0,100.0,False,05_mnq_06_21.Last.txt
2021-03-23,1365,1365,0,100.0,False,05_mnq_06_21.Last.txt
2021-03-24,1365,1365,0,100.0,False,05_mnq_06_21.Last.txt
2021-03-25,1365,1365,0,100.0,False,05_mnq_06_21.Last.txt
2021-03-26,1365,1365,0,100.0,False,05_mnq_06_21.Last.txt
2021-03-29,1365,1365,0,100.0,False,05_mnq_06_21.Last.txt
2021-03-30,1365,1365,0,100.0,False,05_mnq_06_21.Last.txt
2021-03-31,1365,1365,0,100.0,False,05_mnq_06_21.Last.txt
2021-04-01,1365,1365,0,100.0,False,05_mnq_06_21.Last.txt
2021-04-02,915,915,0,100.0,True,05_mnq_06_21.Last.txt
2021-04-05,1365,1355,10,99.26739926739927,False,05_mnq_06_21.Last.txt
2021-04-06,1365,1365,0,100.0,False,05_mnq_06_21.Last.txt
2021-04-07,1365,1365,0,100.0,False,05_mnq_06_21.Last.txt
2021-04-08,1365,1365,0,100.0,False,05_mnq_06_21.Last.txt
2021-04-09,1365,1365,0,100.0,False,05_mnq_06_21.Last.txt
2021-04-12,1365,1365,0,100.0,False,05_mnq_06_21.Last.txt
2021-04-13,1365,1365,0,100.0,False,05_mnq_06_21.Last.txt
2021-04-14,1365,1365,0,100.0,False,05_mnq_06_21.Last.txt
2021-04-15,1365,1365,0,100.0,False,05_mnq_06_21.Last.txt
2021-04-16,1365,1365,0,100.0,False,05_mnq_06_21.Last.txt
2021-04-19,1365,1362,3,99.78021978021978,False,05_mnq_06_21.Last.txt
2021-04-20,1365,1365,0,100.0,False,05_mnq_06_21.Last.txt
2021-04-21,1365,1365,0,100.0,False,05_mnq_06_21.Last.txt
2021-04-22,1365,1365,0,100.0,False,05_mnq_06_21.Last.txt
2021-04-23,1365,1365,0,100.0,False,05_mnq_06_21.Last.txt
2021-04-26,1365,1365,0,100.0,False,05_mnq_06_21.Last.txt
2021-04-27,1365,1365,0,100.0,False,05_mnq_06_21.Last.txt
2021-04-28,1365,1365,0,100.0,False,05_mnq_06_21.Last.txt
2021-04-29,1365,1365,0,100.0,False,05_mnq_06_21.Last.txt
2021-04-30,1365,1365,0,100.0,False,05_mnq_06_21.Last.txt
2021-05-03,1365,1353,12,99.12087912087912,False,05_mnq_06_21.Last.txt
2021-05-04,1365,1365,0,100.0,False,05_mnq_06_21.Last.txt
2021-05-05,1365,1365,0,100.0,False,05_mnq_06_21.Last.txt
2021-05-06,1365,1365,0,100.0,False,05_mnq_06_21.Last.txt
2021-05-07,1365,1365,0,100.0,False,05_mnq_06_21.Last.txt
2021-05-10,1365,1365,0,100.0,False,05_mnq_06_21.Last.txt
2021-05-11,1365,1365,0,100.0,False,05_mnq_06_21.Last.txt
2021-05-12,1365,1365,0,100.0,False,05_mnq_06_21.Last.txt
2021-05-13,1365,1365,0,100.0,False,05_mnq_06_21.Last.txt
2021-05-14,1365,1365,0,100.0,False,05_mnq_06_21.Last.txt
2021-05-17,1365,1365,0,100.0,False,05_mnq_06_21.Last.txt
2021-05-18,1365,1365,0,100.0,False,05_mnq_06_21.Last.txt
2021-05-19,1365,1365,0,100.0,False,05_mnq_06_21.Last.txt
2021-05-20,1365,1365,0,100.0,False,05_mnq_06_21.Last.txt
2021-05-21,1365,1365,0,100.0,False,05_mnq_06_21.Last.txt
2021-05-24,1365,1365,0,100.0,False,05_mnq_06_21.Last.txt
2021-05-25,1365,1365,0,100.0,False,05_mnq_06_21.Last.txt
2021-05-26,1365,1365,0,100.0,False,05_mnq_06_21.Last.txt
2021-05-27,1365,1365,0,100.0,False,05_mnq_06_21.Last.txt
2021-05-28,1365,1365,0,100.0,False,05_mnq_06_21.Last.txt
2021-05-31,1140,1140,0,100.0,True,05_mnq_06_21.Last.txt
2021-06-01,1365,1365,0,100.0,False,05_mnq_06_21.Last.txt
2021-06-02,1365,1365,0,100.0,False,05_mnq_06_21.Last.txt
2021-06-03,1365,1365,0,100.0,False,05_mnq_06_21.Last.txt
2021-06-04,1365,1365,0,100.0,False,05_mnq_06_21.Last.txt
2021-06-07,1365,1365,0,100.0,False,05_mnq_06_21.Last.txt
2021-06-08,1365,1365,0,100.0,False,05_mnq_06_21.Last.txt
2021-06-09,1365,1365,0,100.0,False,05_mnq_06_21.Last.txt
2021-06-10,1365,1365,0,100.0,False,05_mnq_06_21.Last.txt
2021-06-11,1365,1365,0,100.0,False,05_mnq_06_21.Last.txt
2021-06-14,1365,1361,4,99.70695970695971,False,05_mnq_06_21.Last.txt
2021-06-15,1365,1362,3,99.78021978021978,False,05_mnq_06_21.Last.txt
2021-06-16,1365,1354,11,99.1941391941392,False,05_mnq_06_21.Last.txt
2021-06-17,1365,1357,8,99.41391941391942,False,05_mnq_06_21.Last.txt
2021-06-18,930,739,191,79.46236559139786,False,05_mnq_06_21.Last.txt
2021-06-21,1065,1065,0,100.0,False,06_mnq_09_21.Last.txt
2021-06-22,1365,1365,0,100.0,False,06_mnq_09_21.Last.txt
2021-06-23,1365,1365,0,100.0,False,06_mnq_09_21.Last.txt
2021-06-24,1365,1365,0,100.0,False,06_mnq_09_21.Last.txt
2021-06-25,1365,1365,0,100.0,False,06_mnq_09_21.Last.txt
2021-06-28,1380,1380,0,100.0,False,06_mnq_09_21.Last.txt
2021-06-29,1380,1380,0,100.0,False,06_mnq_09_21.Last.txt
2021-06-30,1380,1380,0,100.0,False,06_mnq_09_21.Last.txt
2021-07-01,1380,1380,0,100.0,False,06_mnq_09_21.Last.txt
2021-07-02,1380,1380,0,100.0,False,06_mnq_09_21.Last.txt
2021-07-05,1140,1139,1,99.91228070175438,True,06_mnq_09_21.Last.txt
2021-07-06,1380,1380,0,100.0,False,06_mnq_09_21.Last.txt
2021-07-07,1380,1380,0,100.0,False,06_mnq_09_21.Last.txt
2021-07-08,1380,1380,0,100.0,False,06_mnq_09_21.Last.txt
2021-07-09,1380,1380,0,100.0,False,06_mnq_09_21.Last.txt
2021-07-12,1380,1380,0,100.0,False,06_mnq_09_21.Last.txt
2021-07-13,1380,1380,0,100.0,False,06_mnq_09_21.Last.txt
2021-07-14,1380,1380,0,100.0,False,06_mnq_09_21.Last.txt
2021-07-15,1380,1380,0,100.0,False,06_mnq_09_21.Last.txt
2021-07-16,1380,1380,0,100.0,False,06_mnq_09_21.Last.txt
2021-07-19,1380,1380,0,100.0,False,06_mnq_09_21.Last.txt
2021-07-20,1380,1380,0,100.0,False,06_mnq_09_21.Last.txt
2021-07-21,1380,1380,0,100.0,False,06_mnq_09_21.Last.txt
2021-07-22,1380,1380,0,100.0,False,06_mnq_09_21.Last.txt
2021-07-23,1380,1380,0,100.0,False,06_mnq_09_21.Last.txt
2021-07-26,1380,1380,0,100.0,False,06_mnq_09_21.Last.txt
2021-07-27,1380,1379,1,99.92753623188406,False,06_mnq_09_21.Last.txt
2021-07-28,1380,1380,0,100.0,False,06_mnq_09_21.Last.txt
2021-07-29,1380,1380,0,100.0,False,06_mnq_09_21.Last.txt
2021-07-30,1380,1380,0,100.0,False,06_mnq_09_21.Last.txt
2021-08-02,1380,1380,0,100.0,False,06_mnq_09_21.Last.txt
2021-08-03,1380,1380,0,100.0,False,06_mnq_09_21.Last.txt
2021-08-04,1380,1380,0,100.0,False,06_mnq_09_21.Last.txt
2021-08-05,1380,1380,0,100.0,False,06_mnq_09_21.Last.txt
2021-08-06,1380,1380,0,100.0,False,06_mnq_09_21.Last.txt
2021-08-09,1380,1379,1,99.92753623188406,False,06_mnq_09_21.Last.txt
2021-08-10,1380,1380,0,100.0,False,06_mnq_09_21.Last.txt
2021-08-11,1380,1380,0,100.0,False,06_mnq_09_21.Last.txt
2021-08-12,1380,1380,0,100.0,False,06_mnq_09_21.Last.txt
2021-08-13,1380,1380,0,100.0,False,06_mnq_09_21.Last.txt
2021-08-16,1380,1380,0,100.0,False,06_mnq_09_21.Last.txt
2021-08-17,1380,1380,0,100.0,False,06_mnq_09_21.Last.txt
2021-08-18,1380,1380,0,100.0,False,06_mnq_09_21.Last.txt
2021-08-19,1380,1380,0,100.0,False,06_mnq_09_21.Last.txt
2021-08-20,1380,1380,0,100.0,False,06_mnq_09_21.Last.txt
2021-08-23,1380,1380,0,100.0,False,06_mnq_09_21.Last.txt
2021-08-24,1380,1378,2,99.85507246376811,False,06_mnq_09_21.Last.txt
2021-08-25,1380,1368,12,99.1304347826087,False,06_mnq_09_21.Last.txt
2021-08-26,1380,1380,0,100.0,False,06_mnq_09_21.Last.txt
2021-08-27,1380,1380,0,100.0,False,06_mnq_09_21.Last.txt
2021-08-30,1380,1380,0,100.0,False,06_mnq_09_21.Last.txt
2021-08-31,1380,1380,0,100.0,False,06_mnq_09_21.Last.txt
2021-09-01,1380,1380,0,100.0,False,06_mnq_09_21.Last.txt
2021-09-02,1380,1380,0,100.0,False,06_mnq_09_21.Last.txt
2021-09-03,1380,1380,0,100.0,False,06_mnq_09_21.Last.txt
2021-09-06,1140,1139,1,99.91228070175438,True,06_mnq_09_21.Last.txt
2021-09-07,1380,1380,0,100.0,False,06_mnq_09_21.Last.txt
2021-09-08,1380,1380,0,100.0,False,06_mnq_09_21.Last.txt
2021-09-09,1380,1380,0,100.0,False,06_mnq_09_21.Last.txt
2021-09-10,1380,1380,0,100.0,False,06_mnq_09_21.Last.txt
2021-09-13,1380,1380,0,100.0,False,06_mnq_09_21.Last.txt
2021-09-14,1380,1380,0,100.0,False,06_mnq_09_21.Last.txt
2021-09-15,1380,1379,1,99.92753623188406,False,06_mnq_09_21.Last.txt
2021-09-16,1380,1370,10,99.27536231884058,False,06_mnq_09_21.Last.txt
2021-09-17,930,756,174,81.29032258064517,False,06_mnq_09_21.Last.txt
2021-09-20,1080,1080,0,100.0,False,07_mnq_12_21.Last.txt
2021-09-21,1380,1380,0,100.0,False,07_mnq_12_21.Last.txt
2021-09-22,1380,1380,0,100.0,False,07_mnq_12_21.Last.txt
2021-09-23,1380,1380,0,100.0,False,07_mnq_12_21.Last.txt
2021-09-24,1380,1379,1,99.92753623188406,False,07_mnq_12_21.Last.txt
2021-09-27,1380,1380,0,100.0,False,07_mnq_12_21.Last.txt
2021-09-28,1380,1380,0,100.0,False,07_mnq_12_21.Last.txt
2021-09-29,1380,1380,0,100.0,False,07_mnq_12_21.Last.txt
2021-09-30,1380,1380,0,100.0,False,07_mnq_12_21.Last.txt
2021-10-01,1380,1380,0,100.0,False,07_mnq_12_21.Last.txt
2021-10-04,1380,1269,111,91.95652173913044,False,07_mnq_12_21.Last.txt
2021-10-05,1380,1380,0,100.0,False,07_mnq_12_21.Last.txt
2021-10-06,1380,1380,0,100.0,False,07_mnq_12_21.Last.txt
2021-10-07,1380,1380,0,100.0,False,07_mnq_12_21.Last.txt
2021-10-08,1380,1380,0,100.0,False,07_mnq_12_21.Last.txt
2021-10-11,1380,1380,0,100.0,False,07_mnq_12_21.Last.txt
2021-10-12,1380,1380,0,100.0,False,07_mnq_12_21.Last.txt
2021-10-13,1380,1380,0,100.0,False,07_mnq_12_21.Last.txt
2021-10-14,1380,1380,0,100.0,False,07_mnq_12_21.Last.txt
2021-10-15,1380,1380,0,100.0,False,07_mnq_12_21.Last.txt
2021-10-18,1380,1380,0,100.0,False,07_mnq_12_21.Last.txt
2021-10-19,1380,1380,0,100.0,False,07_mnq_12_21.Last.txt
2021-10-20,1380,1380,0,100.0,False,07_mnq_12_21.Last.txt
2021-10-21,1380,1380,0,100.0,False,07_mnq_12_21.Last.txt
2021-10-22,1380,1380,0,100.0,False,07_mnq_12_21.Last.txt
2021-10-25,1380,1380,0,100.0,False,07_mnq_12_21.Last.txt
2021-10-26,1380,1380,0,100.0,False,07_mnq_12_21.Last.txt
2021-10-27,1380,1380,0,100.0,False,07_mnq_12_21.Last.txt
2021-10-28,1380,1380,0,100.0,False,07_mnq_12_21.Last.txt
2021-10-29,1380,1380,0,100.0,False,07_mnq_12_21.Last.txt
2021-11-01,1380,1380,0,100.0,False,07_mnq_12_21.Last.txt
2021-11-02,1380,1380,0,100.0,False,07_mnq_12_21.Last.txt
2021-11-03,1380,1380,0,100.0,False,07_mnq_12_21.Last.txt
2021-11-04,1380,1380,0,100.0,False,07_mnq_12_21.Last.txt
2021-11-05,1380,1380,0,100.0,False,07_mnq_12_21.Last.txt
2021-11-08,1380,1380,0,100.0,False,07_mnq_12_21.Last.txt
2021-11-09,1380,1380,0,100.0,False,07_mnq_12_21.Last.txt
2021-11-10,1380,1380,0,100.0,False,07_mnq_12_21.Last.txt
2021-11-11,1380,1380,0,100.0,False,07_mnq_12_21.Last.txt
2021-11-12,1380,1380,0,100.0,False,07_mnq_12_21.Last.txt
2021-11-15,1380,1380,0,100.0,False,07_mnq_12_21.Last.txt
2021-11-16,1380,1380,0,100.0,False,07_mnq_12_21.Last.txt
2021-11-17,1380,1380,0,100.0,False,07_mnq_12_21.Last.txt
2021-11-18,1380,1380,0,100.0,False,07_mnq_12_21.Last.txt
2021-11-19,1380,1380,0,100.0,False,07_mnq_12_21.Last.txt
2021-11-22,1380,1380,0,100.0,False,07_mnq_12_21.Last.txt
2021-11-23,1380,1380,0,100.0,False,07_mnq_12_21.Last.txt
2021-11-24,1380,1380,0,100.0,False,07_mnq_12_21.Last.txt
2021-11-25,1140,1140,0,100.0,True,07_mnq_12_21.Last.txt
2021-11-26,1140,1140,0,100.0,True,07_mnq_12_21.Last.txt
2021-11-29,1380,1380,0,100.0,False,07_mnq_12_21.Last.txt
2021-11-30,1380,1380,0,100.0,False,07_mnq_12_21.Last.txt
2021-12-01,1380,1380,0,100.0,False,07_mnq_12_21.Last.txt
2021-12-02,1380,1380,0,100.0,False,07_mnq_12_21.Last.txt
2021-12-03,1380,1380,0,100.0,False,07_mnq_12_21.Last.txt
2021-12-06,1380,1380,0,100.0,False,07_mnq_12_21.Last.txt
2021-12-07,1380,1380,0,100.0,False,07_mnq_12_21.Last.txt
2021-12-08,1380,1380,0,100.0,False,07_mnq_12_21.Last.txt
2021-12-09,1380,1380,0,100.0,False,07_mnq_12_21.Last.txt
2021-12-10,1380,1380,0,100.0,False,07_mnq_12_21.Last.txt
2021-12-13,1380,1379,1,99.92753623188406,False,07_mnq_12_21.Last.txt
2021-12-14,1380,1380,0,100.0,False,07_mnq_12_21.Last.txt
2021-12-15,1380,1379,1,99.92753623188406,False,07_mnq_12_21.Last.txt
2021-12-16,1380,1380,0,100.0,False,07_mnq_12_21.Last.txt
2021-12-17,930,863,67,92.79569892473118,False,07_mnq_12_21.Last.txt
2021-12-20,1140,1140,0,100.0,False,08_mnq_03_22.Last.txt
2021-12-21,1380,1380,0,100.0,False,08_mnq_03_22.Last.txt
2021-12-22,1380,1380,0,100.0,False,08_mnq_03_22.Last.txt
2021-12-23,1380,1380,0,100.0,False,08_mnq_03_22.Last.txt
2021-12-27,1380,1380,0,100.0,False,08_mnq_03_22.Last.txt
2021-12-28,1380,1380,0,100.0,False,08_mnq_03_22.Last.txt
2021-12-29,1380,1380,0,100.0,False,08_mnq_03_22.Last.txt
2021-12-30,1380,1380,0,100.0,False,08_mnq_03_22.Last.txt
2021-12-31,1380,1380,0,100.0,False,08_mnq_03_22.Last.txt
2022-01-03,1380,1380,0,100.0,False,08_mnq_03_22.Last.txt
2022-01-04,1380,1380,0,100.0,False,08_mnq_03_22.Last.txt
2022-01-05,1380,1380,0,100.0,False,08_mnq_03_22.Last.txt
2022-01-06,1380,1380,0,100.0,False,08_mnq_03_22.Last.txt
2022-01-07,1380,1380,0,100.0,False,08_mnq_03_22.Last.txt
2022-01-10,1380,1380,0,100.0,False,08_mnq_03_22.Last.txt
2022-01-11,1380,1380,0,100.0,False,08_mnq_03_22.Last.txt
2022-01-12,1380,1380,0,100.0,False,08_mnq_03_22.Last.txt
2022-01-13,1380,1380,0,100.0,False,08_mnq_03_22.Last.txt
2022-01-14,1380,1380,0,100.0,False,08_mnq_03_22.Last.txt
2022-01-17,1140,1140,0,100.0,True,08_mnq_03_22.Last.txt
2022-01-18,1380,1380,0,100.0,False,08_mnq_03_22.Last.txt
2022-01-19,1380,1380,0,100.0,False,08_mnq_03_22.Last.txt
2022-01-20,1380,1380,0,100.0,False,08_mnq_03_22.Last.txt
2022-01-21,1380,1380,0,100.0,False,08_mnq_03_22.Last.txt
2022-01-24,1380,1380,0,100.0,False,08_mnq_03_22.Last.txt
2022-01-25,1380,1380,0,100.0,False,08_mnq_03_22.Last.txt
2022-01-26,1380,1380,0,100.0,False,08_mnq_03_22.Last.txt
2022-01-27,1380,1380,0,100.0,False,08_mnq_03_22.Last.txt
2022-01-28,1380,1380,0,100.0,False,08_mnq_03_22.Last.txt
2022-01-31,1380,1380,0,100.0,False,08_mnq_03_22.Last.txt
2022-02-01,1380,1380,0,100.0,False,08_mnq_03_22.Last.txt
2022-02-02,1380,1380,0,100.0,False,08_mnq_03_22.Last.txt
2022-02-03,1380,1380,0,100.0,False,08_mnq_03_22.Last.txt
2022-02-04,1380,1380,0,100.0,False,08_mnq_03_22.Last.txt
2022-02-07,1380,1380,0,100.0,False,08_mnq_03_22.Last.txt
2022-02-08,1380,1380,0,100.0,False,08_mnq_03_22.Last.txt
2022-02-09,1380,1380,0,100.0,False,08_mnq_03_22.Last.txt
2022-02-10,1380,1380,0,100.0,False,08_mnq_03_22.Last.txt
2022-02-11,1380,1380,0,100.0,False,08_mnq_03_22.Last.txt
2022-02-14,1380,1380,0,100.0,False,08_mnq_03_22.Last.txt
2022-02-15,1380,1379,1,99.92753623188406,False,08_mnq_03_22.Last.txt
2022-02-16,1380,1380,0,100.0,False,08_mnq_03_22.Last.txt
2022-02-17,1380,1380,0,100.0,False,08_mnq_03_22.Last.txt
2022-02-18,1380,1380,0,100.0,False,08_mnq_03_22.Last.txt
2022-02-21,1140,1140,0,100.0,True,08_mnq_03_22.Last.txt
2022-02-22,1380,1380,0,100.0,False,08_mnq_03_22.Last.txt
2022-02-23,1380,1380,0,100.0,False,08_mnq_03_22.Last.txt
2022-02-24,1380,1380,0,100.0,False,08_mnq_03_22.Last.txt
2022-02-25,1380,1380,0,100.0,False,08_mnq_03_22.Last.txt
2022-02-28,1380,1380,0,100.0,False,08_mnq_03_22.Last.txt
2022-03-01,1380,1380,0,100.0,False,08_mnq_03_22.Last.txt
2022-03-02,1380,1380,0,100.0,False,08_mnq_03_22.Last.txt
2022-03-03,1380,1380,0,100.0,False,08_mnq_03_22.Last.txt
2022-03-04,1380,1380,0,100.0,False,08_mnq_03_22.Last.txt
2022-03-07,1380,1380,0,100.0,False,08_mnq_03_22.Last.txt
2022-03-08,1380,1380,0,100.0,False,08_mnq_03_22.Last.txt
2022-03-09,1380,1380,0,100.0,False,08_mnq_03_22.Last.txt
2022-03-10,1380,1380,0,100.0,False,08_mnq_03_22.Last.txt
2022-03-11,1380,1380,0,100.0,False,08_mnq_03_22.Last.txt
2022-03-14,1380,1380,0,100.0,False,08_mnq_03_22.Last.txt
2022-03-15,1380,1380,0,100.0,False,08_mnq_03_22.Last.txt
2022-03-16,1380,1380,0,100.0,False,08_mnq_03_22.Last.txt
2022-03-17,1380,1379,1,99.92753623188406,False,08_mnq_03_22.Last.txt
2022-03-18,930,880,50,94.6236559139785,False,08_mnq_03_22.Last.txt
2022-03-21,1080,1080,0,100.0,False,09_mnq_06_22.Last.txt
2022-03-22,1380,1380,0,100.0,False,09_mnq_06_22.Last.txt
2022-03-23,1380,1380,0,100.0,False,09_mnq_06_22.Last.txt
2022-03-24,1380,1379,1,99.92753623188406,False,09_mnq_06_22.Last.txt
2022-03-25,1380,1380,0,100.0,False,09_mnq_06_22.Last.txt
2022-03-28,1380,1380,0,100.0,False,09_mnq_06_22.Last.txt
2022-03-29,1380,1380,0,100.0,False,09_mnq_06_22.Last.txt
2022-03-30,1380,1380,0,100.0,False,09_mnq_06_22.Last.txt
2022-03-31,1380,1380,0,100.0,False,09_mnq_06_22.Last.txt
2022-04-01,1380,1380,0,100.0,False,09_mnq_06_22.Last.txt
2022-04-04,1380,1380,0,100.0,False,09_mnq_06_22.Last.txt
2022-04-05,1380,1380,0,100.0,False,09_mnq_06_22.Last.txt
2022-04-06,1380,1380,0,100.0,False,09_mnq_06_22.Last.txt
2022-04-07,1380,1380,0,100.0,False,09_mnq_06_22.Last.txt
2022-04-08,1380,1380,0,100.0,False,09_mnq_06_22.Last.txt
2022-04-11,1380,1380,0,100.0,False,09_mnq_06_22.Last.txt
2022-04-12,1380,1380,0,100.0,False,09_mnq_06_22.Last.txt
2022-04-13,1380,1380,0,100.0,False,09_mnq_06_22.Last.txt
2022-04-14,1380,1380,0,100.0,False,09_mnq_06_22.Last.txt
2022-04-18,1380,1380,0,100.0,False,09_mnq_06_22.Last.txt
2022-04-19,1380,1380,0,100.0,False,09_mnq_06_22.Last.txt
2022-04-20,1380,1380,0,100.0,False,09_mnq_06_22.Last.txt
2022-04-21,1380,1380,0,100.0,False,09_mnq_06_22.Last.txt
2022-04-22,1380,1380,0,100.0,False,09_mnq_06_22.Last.txt
2022-04-25,1380,1380,0,100.0,False,09_mnq_06_22.Last.txt
2022-04-26,1380,1380,0,100.0,False,09_mnq_06_22.Last.txt
2022-04-27,1380,1380,0,100.0,False,09_mnq_06_22.Last.txt
2022-04-28,1380,1380,0,100.0,False,09_mnq_06_22.Last.txt
2022-04-29,1380,1380,0,100.0,False,09_mnq_06_22.Last.txt
2022-05-02,1380,1380,0,100.0,False,09_mnq_06_22.Last.txt
2022-05-03,1380,1380,0,100.0,False,09_mnq_06_22.Last.txt
2022-05-04,1380,1380,0,100.0,False,09_mnq_06_22.Last.txt
2022-05-05,1380,1380,0,100.0,False,09_mnq_06_22.Last.txt
2022-05-06,1380,1380,0,100.0,False,09_mnq_06_22.Last.txt
2022-05-09,1380,1380,0,100.0,False,09_mnq_06_22.Last.txt
2022-05-10,1380,1380,0,100.0,False,09_mnq_06_22.Last.txt
2022-05-11,1380,1380,0,100.0,False,09_mnq_06_22.Last.txt
2022-05-12,1380,1380,0,100.0,False,09_mnq_06_22.Last.txt
2022-05-13,1380,1380,0,100.0,False,09_mnq_06_22.Last.txt
2022-05-16,1380,1380,0,100.0,False,09_mnq_06_22.Last.txt
2022-05-17,1380,1380,0,100.0,False,09_mnq_06_22.Last.txt
2022-05-18,1380,1380,0,100.0,False,09_mnq_06_22.Last.txt
2022-05-19,1380,1380,0,100.0,False,09_mnq_06_22.Last.txt
2022-05-20,1380,1380,0,100.0,False,09_mnq_06_22.Last.txt
2022-05-23,1380,1379,1,99.92753623188406,False,09_mnq_06_22.Last.txt
2022-05-24,1380,1380,0,100.0,False,09_mnq_06_22.Last.txt
2022-05-25,1380,1380,0,100.0,False,09_mnq_06_22.Last.txt
2022-05-26,1380,1380,0,100.0,False,09_mnq_06_22.Last.txt
2022-05-27,1380,1380,0,100.0,False,09_mnq_06_22.Last.txt
2022-05-30,1140,1140,0,100.0,True,09_mnq_06_22.Last.txt
2022-05-31,1380,1380,0,100.0,False,09_mnq_06_22.Last.txt
2022-06-01,1380,1380,0,100.0,False,09_mnq_06_22.Last.txt
2022-06-02,1380,1380,0,100.0,False,09_mnq_06_22.Last.txt
2022-06-03,1380,1380,0,100.0,False,09_mnq_06_22.Last.txt
2022-06-06,1380,1380,0,100.0,False,09_mnq_06_22.Last.txt
2022-06-07,1380,1380,0,100.0,False,09_mnq_06_22.Last.txt
2022-06-08,1380,1380,0,100.0,False,09_mnq_06_22.Last.txt
2022-06-09,1380,1380,0,100.0,False,09_mnq_06_22.Last.txt
2022-06-10,1380,1380,0,100.0,False,09_mnq_06_22.Last.txt
2022-06-13,1380,1380,0,100.0,False,09_mnq_06_22.Last.txt
2022-06-14,1380,1380,0,100.0,False,09_mnq_06_22.Last.txt
2022-06-15,1380,1380,0,100.0,False,09_mnq_06_22.Last.txt
2022-06-16,1380,1380,0,100.0,False,09_mnq_06_22.Last.txt
2022-06-17,930,919,11,98.81720430107526,False,09_mnq_06_22.Last.txt
2022-06-20,840,840,0,100.0,True,10_mnq_09_22.Last.txt
2022-06-21,1380,1380,0,100.0,False,10_mnq_09_22.Last.txt
2022-06-22,1380,1380,0,100.0,False,10_mnq_09_22.Last.txt
2022-06-23,1380,1380,0,100.0,False,10_mnq_09_22.Last.txt
2022-06-24,1380,1380,0,100.0,False,10_mnq_09_22.Last.txt
2022-06-27,1380,1380,0,100.0,False,10_mnq_09_22.Last.txt
2022-06-28,1380,1380,0,100.0,False,10_mnq_09_22.Last.txt
2022-06-29,1380,1380,0,100.0,False,10_mnq_09_22.Last.txt
2022-06-30,1380,1380,0,100.0,False,10_mnq_09_22.Last.txt
2022-07-01,1380,1380,0,100.0,False,10_mnq_09_22.Last.txt
2022-07-04,1140,1140,0,100.0,True,10_mnq_09_22.Last.txt
2022-07-05,1380,1380,0,100.0,False,10_mnq_09_22.Last.txt
2022-07-06,1380,1380,0,100.0,False,10_mnq_09_22.Last.txt
2022-07-07,1380,1380,0,100.0,False,10_mnq_09_22.Last.txt
2022-07-08,1380,1380,0,100.0,False,10_mnq_09_22.Last.txt
2022-07-11,1380,1380,0,100.0,False,10_mnq_09_22.Last.txt
2022-07-12,1380,1380,0,100.0,False,10_mnq_09_22.Last.txt
2022-07-13,1380,1380,0,100.0,False,10_mnq_09_22.Last.txt
2022-07-14,1380,1380,0,100.0,False,10_mnq_09_22.Last.txt
2022-07-15,1380,1380,0,100.0,False,10_mnq_09_22.Last.txt
2022-07-18,1380,1380,0,100.0,False,10_mnq_09_22.Last.txt
2022-07-19,1380,1378,2,99.85507246376811,False,10_mnq_09_22.Last.txt
2022-07-20,1380,1380,0,100.0,False,10_mnq_09_22.Last.txt
2022-07-21,1380,1380,0,100.0,False,10_mnq_09_22.Last.txt
2022-07-22,1380,1380,0,100.0,False,10_mnq_09_22.Last.txt
2022-07-25,1380,1380,0,100.0,False,10_mnq_09_22.Last.txt
2022-07-26,1380,1380,0,100.0,False,10_mnq_09_22.Last.txt
2022-07-27,1380,1380,0,100.0,False,10_mnq_09_22.Last.txt
2022-07-28,1380,1380,0,100.0,False,10_mnq_09_22.Last.txt
2022-07-29,1380,1380,0,100.0,False,10_mnq_09_22.Last.txt
2022-08-01,1380,1380,0,100.0,False,10_mnq_09_22.Last.txt
2022-08-02,1380,1380,0,100.0,False,10_mnq_09_22.Last.txt
2022-08-03,1380,1379,1,99.92753623188406,False,10_mnq_09_22.Last.txt
2022-08-04,1380,1380,0,100.0,False,10_mnq_09_22.Last.txt
2022-08-05,1380,1380,0,100.0,False,10_mnq_09_22.Last.txt
2022-08-08,1380,1380,0,100.0,False,10_mnq_09_22.Last.txt
2022-08-09,1380,1380,0,100.0,False,10_mnq_09_22.Last.txt
2022-08-10,1380,1380,0,100.0,False,10_mnq_09_22.Last.txt
2022-08-11,1380,1380,0,100.0,False,10_mnq_09_22.Last.txt
2022-08-12,1380,1380,0,100.0,False,10_mnq_09_22.Last.txt
2022-08-15,1380,1380,0,100.0,False,10_mnq_09_22.Last.txt
2022-08-16,1380,1380,0,100.0,False,10_mnq_09_22.Last.txt
2022-08-17,1380,1380,0,100.0,False,10_mnq_09_22.Last.txt
2022-08-18,1380,1380,0,100.0,False,10_mnq_09_22.Last.txt
2022-08-19,1380,1380,0,100.0,False,10_mnq_09_22.Last.txt
2022-08-22,1380,1380,0,100.0,False,10_mnq_09_22.Last.txt
2022-08-23,1380,1380,0,100.0,False,10_mnq_09_22.Last.txt
2022-08-24,1380,1380,0,100.0,False,10_mnq_09_22.Last.txt
2022-08-25,1380,1380,0,100.0,False,10_mnq_09_22.Last.txt
2022-08-26,1380,1380,0,100.0,False,10_mnq_09_22.Last.txt
2022-08-29,1380,1380,0,100.0,False,10_mnq_09_22.Last.txt
2022-08-30,1380,1379,1,99.92753623188406,False,10_mnq_09_22.Last.txt
2022-08-31,1380,1380,0,100.0,False,10_mnq_09_22.Last.txt
2022-09-01,1380,1380,0,100.0,False,10_mnq_09_22.Last.txt
2022-09-02,1380,1380,0,100.0,False,10_mnq_09_22.Last.txt
2022-09-05,1140,1140,0,100.0,True,10_mnq_09_22.Last.txt
2022-09-06,1380,1380,0,100.0,False,10_mnq_09_22.Last.txt
2022-09-07,1380,1380,0,100.0,False,10_mnq_09_22.Last.txt
2022-09-08,1380,1380,0,100.0,False,10_mnq_09_22.Last.txt
2022-09-09,1380,1380,0,100.0,False,10_mnq_09_22.Last.txt
2022-09-12,1380,1380,0,100.0,False,10_mnq_09_22.Last.txt
2022-09-13,1380,1380,0,100.0,False,10_mnq_09_22.Last.txt
2022-09-14,1380,1380,0,100.0,False,10_mnq_09_22.Last.txt
2022-09-15,1380,1380,0,100.0,False,10_mnq_09_22.Last.txt
2022-09-16,955,889,66,93.08900523560209,False,10_mnq_09_22.Last.txt
2022-09-19,1080,1080,0,100.0,False,11_mnq_12_22.Last.txt
2022-09-20,1380,1380,0,100.0,False,11_mnq_12_22.Last.txt
2022-09-21,1380,1379,1,99.92753623188406,False,11_mnq_12_22.Last.txt
2022-09-22,1380,1380,0,100.0,False,11_mnq_12_22.Last.txt
2022-09-23,1380,1376,4,99.71014492753623,False,11_mnq_12_22.Last.txt
2022-09-26,1380,1380,0,100.0,False,11_mnq_12_22.Last.txt
2022-09-27,1380,1377,3,99.78260869565217,False,11_mnq_12_22.Last.txt
2022-09-28,1380,1380,0,100.0,False,11_mnq_12_22.Last.txt
2022-09-29,1380,1380,0,100.0,False,11_mnq_12_22.Last.txt
2022-09-30,1380,1380,0,100.0,False,11_mnq_12_22.Last.txt
2022-10-03,1380,1380,0,100.0,False,11_mnq_12_22.Last.txt
2022-10-04,1380,1380,0,100.0,False,11_mnq_12_22.Last.txt
2022-10-05,1380,1380,0,100.0,False,11_mnq_12_22.Last.txt
2022-10-06,1380,1380,0,100.0,False,11_mnq_12_22.Last.txt
2022-10-07,1380,1380,0,100.0,False,11_mnq_12_22.Last.txt
2022-10-10,1380,1380,0,100.0,False,11_mnq_12_22.Last.txt
2022-10-11,1380,1380,0,100.0,False,11_mnq_12_22.Last.txt
2022-10-12,1380,1380,0,100.0,False,11_mnq_12_22.Last.txt
2022-10-13,1380,1380,0,100.0,False,11_mnq_12_22.Last.txt
2022-10-14,1380,1380,0,100.0,False,11_mnq_12_22.Last.txt
2022-10-17,1380,1380,0,100.0,False,11_mnq_12_22.Last.txt
2022-10-18,1380,1380,0,100.0,False,11_mnq_12_22.Last.txt
2022-10-19,1380,1380,0,100.0,False,11_mnq_12_22.Last.txt
2022-10-20,1380,1380,0,100.0,False,11_mnq_12_22.Last.txt
2022-10-21,1380,1380,0,100.0,False,11_mnq_12_22.Last.txt
2022-10-24,1380,1380,0,100.0,False,11_mnq_12_22.Last.txt
2022-10-25,1380,1380,0,100.0,False,11_mnq_12_22.Last.txt
2022-10-26,1380,1380,0,100.0,False,11_mnq_12_22.Last.txt
2022-10-27,1380,1380,0,100.0,False,11_mnq_12_22.Last.txt
2022-10-28,1380,1380,0,100.0,False,11_mnq_12_22.Last.txt
2022-10-31,1380,1380,0,100.0,False,11_mnq_12_22.Last.txt
2022-11-01,1380,1380,0,100.0,False,11_mnq_12_22.Last.txt
2022-11-02,1380,1380,0,100.0,False,11_mnq_12_22.Last.txt
2022-11-03,1380,1380,0,100.0,False,11_mnq_12_22.Last.txt
2022-11-04,1380,1380,0,100.0,False,11_mnq_12_22.Last.txt
2022-11-07,1380,747,633,54.130434782608695,False,11_mnq_12_22.Last.txt
2022-11-08,1380,1380,0,100.0,False,11_mnq_12_22.Last.txt
2022-11-09,1380,1380,0,100.0,False,11_mnq_12_22.Last.txt
2022-11-10,1380,1380,0,100.0,False,11_mnq_12_22.Last.txt
2022-11-11,1380,1380,0,100.0,False,11_mnq_12_22.Last.txt
2022-11-14,1380,1380,0,100.0,False,11_mnq_12_22.Last.txt
2022-11-15,1380,1380,0,100.0,False,11_mnq_12_22.Last.txt
2022-11-16,1380,1380,0,100.0,False,11_mnq_12_22.Last.txt
2022-11-17,1380,1380,0,100.0,False,11_mnq_12_22.Last.txt
2022-11-18,1380,1380,0,100.0,False,11_mnq_12_22.Last.txt
2022-11-21,1380,1380,0,100.0,False,11_mnq_12_22.Last.txt
2022-11-22,1380,1380,0,100.0,False,11_mnq_12_22.Last.txt
2022-11-23,1380,1380,0,100.0,False,11_mnq_12_22.Last.txt
2022-11-24,1140,1140,0,100.0,True,11_mnq_12_22.Last.txt
2022-11-25,1140,1140,0,100.0,True,11_mnq_12_22.Last.txt
2022-11-28,1380,1380,0,100.0,False,11_mnq_12_22.Last.txt
2022-11-29,1380,1380,0,100.0,False,11_mnq_12_22.Last.txt
2022-11-30,1380,1380,0,100.0,False,11_mnq_12_22.Last.txt
2022-12-01,1380,1380,0,100.0,False,11_mnq_12_22.Last.txt
2022-12-02,1380,1380,0,100.0,False,11_mnq_12_22.Last.txt
2022-12-05,1380,1380,0,100.0,False,11_mnq_12_22.Last.txt
2022-12-06,1380,1380,0,100.0,False,11_mnq_12_22.Last.txt
2022-12-07,1380,1380,0,100.0,False,11_mnq_12_22.Last.txt
2022-12-08,1380,1380,0,100.0,False,11_mnq_12_22.Last.txt
2022-12-09,1380,1380,0,100.0,False,11_mnq_12_22.Last.txt
2022-12-12,1380,1380,0,100.0,False,11_mnq_12_22.Last.txt
2022-12-13,1380,1379,1,99.92753623188406,False,11_mnq_12_22.Last.txt
2022-12-14,1380,1380,0,100.0,False,11_mnq_12_22.Last.txt
2022-12-15,1380,1378,2,99.85507246376811,False,11_mnq_12_22.Last.txt
2022-12-16,930,895,35,96.23655913978494,False,11_mnq_12_22.Last.txt
2022-12-19,1140,1140,0,100.0,False,12_mnq_03_23.Last.txt
2022-12-20,1380,1380,0,100.0,False,12_mnq_03_23.Last.txt
2022-12-21,1380,1380,0,100.0,False,12_mnq_03_23.Last.txt
2022-12-22,1380,1380,0,100.0,False,12_mnq_03_23.Last.txt
2022-12-23,1380,1380,0,100.0,False,12_mnq_03_23.Last.txt
2022-12-27,1380,1380,0,100.0,False,12_mnq_03_23.Last.txt
2022-12-28,1380,1380,0,100.0,False,12_mnq_03_23.Last.txt
2022-12-29,1380,1380,0,100.0,False,12_mnq_03_23.Last.txt
2022-12-30,1380,1380,0,100.0,False,12_mnq_03_23.Last.txt
2023-01-03,1380,1380,0,100.0,False,12_mnq_03_23.Last.txt
2023-01-04,1380,1380,0,100.0,False,12_mnq_03_23.Last.txt
2023-01-05,1380,1380,0,100.0,False,12_mnq_03_23.Last.txt
2023-01-06,1380,1380,0,100.0,False,12_mnq_03_23.Last.txt
2023-01-09,1380,1380,0,100.0,False,12_mnq_03_23.Last.txt
2023-01-10,1380,1380,0,100.0,False,12_mnq_03_23.Last.txt
2023-01-11,1380,1380,0,100.0,False,12_mnq_03_23.Last.txt
2023-01-12,1380,1380,0,100.0,False,12_mnq_03_23.Last.txt
2023-01-13,1380,1380,0,100.0,False,12_mnq_03_23.Last.txt
2023-01-16,1140,1140,0,100.0,True,12_mnq_03_23.Last.txt
2023-01-17,1380,1380,0,100.0,False,12_mnq_03_23.Last.txt
2023-01-18,1380,1380,0,100.0,False,12_mnq_03_23.Last.txt
2023-01-19,1380,1380,0,100.0,False,12_mnq_03_23.Last.txt
2023-01-20,1380,1380,0,100.0,False,12_mnq_03_23.Last.txt
2023-01-23,1380,1380,0,100.0,False,12_mnq_03_23.Last.txt
2023-01-24,1380,1380,0,100.0,False,12_mnq_03_23.Last.txt
2023-01-25,1380,1380,0,100.0,False,12_mnq_03_23.Last.txt
2023-01-26,1380,1380,0,100.0,False,12_mnq_03_23.Last.txt
2023-01-27,1380,1380,0,100.0,False,12_mnq_03_23.Last.txt
2023-01-30,1380,1380,0,100.0,False,12_mnq_03_23.Last.txt
2023-01-31,1380,1380,0,100.0,False,12_mnq_03_23.Last.txt
2023-02-01,1380,1380,0,100.0,False,12_mnq_03_23.Last.txt
2023-02-02,1380,1380,0,100.0,False,12_mnq_03_23.Last.txt
2023-02-03,1380,1380,0,100.0,False,12_mnq_03_23.Last.txt
2023-02-06,1380,1380,0,100.0,False,12_mnq_03_23.Last.txt
2023-02-07,1380,1380,0,100.0,False,12_mnq_03_23.Last.txt
2023-02-08,1380,1380,0,100.0,False,12_mnq_03_23.Last.txt
2023-02-09,1380,1380,0,100.0,False,12_mnq_03_23.Last.txt
2023-02-10,1380,1380,0,100.0,False,12_mnq_03_23.Last.txt
2023-02-13,1380,1380,0,100.0,False,12_mnq_03_23.Last.txt
2023-02-14,1380,1380,0,100.0,False,12_mnq_03_23.Last.txt
2023-02-15,1380,1380,0,100.0,False,12_mnq_03_23.Last.txt
2023-02-16,1380,1380,0,100.0,False,12_mnq_03_23.Last.txt
2023-02-17,1380,1380,0,100.0,False,12_mnq_03_23.Last.txt
2023-02-20,1140,1140,0,100.0,True,12_mnq_03_23.Last.txt
2023-02-21,1380,1380,0,100.0,False,12_mnq_03_23.Last.txt
2023-02-22,1380,1380,0,100.0,False,12_mnq_03_23.Last.txt
2023-02-23,1380,1380,0,100.0,False,12_mnq_03_23.Last.txt
2023-02-24,1380,1380,0,100.0,False,12_mnq_03_23.Last.txt
2023-02-27,1380,1380,0,100.0,False,12_mnq_03_23.Last.txt
2023-02-28,1380,1380,0,100.0,False,12_mnq_03_23.Last.txt
2023-03-01,1380,1380,0,100.0,False,12_mnq_03_23.Last.txt
2023-03-02,1380,1380,0,100.0,False,12_mnq_03_23.Last.txt
2023-03-03,1380,1380,0,100.0,False,12_mnq_03_23.Last.txt
2023-03-06,1380,1380,0,100.0,False,12_mnq_03_23.Last.txt
2023-03-07,1380,1380,0,100.0,False,12_mnq_03_23.Last.txt
2023-03-08,1380,1380,0,100.0,False,12_mnq_03_23.Last.txt
2023-03-09,1380,1380,0,100.0,False,12_mnq_03_23.Last.txt
2023-03-10,1380,1380,0,100.0,False,12_mnq_03_23.Last.txt
2023-03-13,1380,1380,0,100.0,False,12_mnq_03_23.Last.txt
2023-03-14,1380,1380,0,100.0,False,12_mnq_03_23.Last.txt
2023-03-15,1380,1380,0,100.0,False,12_mnq_03_23.Last.txt
2023-03-16,1380,1378,2,99.85507246376811,False,12_mnq_03_23.Last.txt
2023-03-17,930,876,54,94.19354838709677,False,12_mnq_03_23.Last.txt
2023-03-20,1080,1080,0,100.0,False,13_mnq_06_23.Last.txt
2023-03-21,1380,1380,0,100.0,False,13_mnq_06_23.Last.txt
2023-03-22,1380,1380,0,100.0,False,13_mnq_06_23.Last.txt
2023-03-23,1380,1380,0,100.0,False,13_mnq_06_23.Last.txt
2023-03-24,1380,1380,0,100.0,False,13_mnq_06_23.Last.txt
2023-03-27,1380,1380,0,100.0,False,13_mnq_06_23.Last.txt
2023-03-28,1380,1380,0,100.0,False,13_mnq_06_23.Last.txt
2023-03-29,1380,1380,0,100.0,False,13_mnq_06_23.Last.txt
2023-03-30,1380,1380,0,100.0,False,13_mnq_06_23.Last.txt
2023-03-31,1380,1380,0,100.0,False,13_mnq_06_23.Last.txt
2023-04-03,1380,1380,0,100.0,False,13_mnq_06_23.Last.txt
2023-04-04,1380,1380,0,100.0,False,13_mnq_06_23.Last.txt
2023-04-05,1380,1203,177,87.17391304347827,False,13_mnq_06_23.Last.txt
2023-04-06,1380,1260,120,91.30434782608695,False,13_mnq_06_23.Last.txt
2023-04-07,915,915,0,100.0,True,13_mnq_06_23.Last.txt
2023-04-10,1380,1380,0,100.0,False,13_mnq_06_23.Last.txt
2023-04-11,1380,1380,0,100.0,False,13_mnq_06_23.Last.txt
2023-04-12,1380,1380,0,100.0,False,13_mnq_06_23.Last.txt
2023-04-13,1380,1380,0,100.0,False,13_mnq_06_23.Last.txt
2023-04-14,1380,1380,0,100.0,False,13_mnq_06_23.Last.txt
2023-04-17,1380,1380,0,100.0,False,13_mnq_06_23.Last.txt
2023-04-18,1380,1380,0,100.0,False,13_mnq_06_23.Last.txt
2023-04-19,1380,1380,0,100.0,False,13_mnq_06_23.Last.txt
2023-04-20,1380,1380,0,100.0,False,13_mnq_06_23.Last.txt
2023-04-21,1380,1380,0,100.0,False,13_mnq_06_23.Last.txt
2023-04-24,1380,1380,0,100.0,False,13_mnq_06_23.Last.txt
2023-04-25,1380,1380,0,100.0,False,13_mnq_06_23.Last.txt
2023-04-26,1380,1380,0,100.0,False,13_mnq_06_23.Last.txt
2023-04-27,1380,1380,0,100.0,False,13_mnq_06_23.Last.txt
2023-04-28,1380,1380,0,100.0,False,13_mnq_06_23.Last.txt
2023-05-01,1380,1380,0,100.0,False,13_mnq_06_23.Last.txt
2023-05-02,1380,1380,0,100.0,False,13_mnq_06_23.Last.txt
2023-05-03,1380,1380,0,100.0,False,13_mnq_06_23.Last.txt
2023-05-04,1380,1380,0,100.0,False,13_mnq_06_23.Last.txt
2023-05-05,1380,1380,0,100.0,False,13_mnq_06_23.Last.txt
2023-05-08,1380,1380,0,100.0,False,13_mnq_06_23.Last.txt
2023-05-09,1380,1380,0,100.0,False,13_mnq_06_23.Last.txt
2023-05-10,1380,1380,0,100.0,False,13_mnq_06_23.Last.txt
2023-05-11,1380,1380,0,100.0,False,13_mnq_06_23.Last.txt
2023-05-12,1380,1380,0,100.0,False,13_mnq_06_23.Last.txt
2023-05-15,1380,1380,0,100.0,False,13_mnq_06_23.Last.txt
2023-05-16,1380,1380,0,100.0,False,13_mnq_06_23.Last.txt
2023-05-17,1380,1380,0,100.0,False,13_mnq_06_23.Last.txt
2023-05-18,1380,1380,0,100.0,False,13_mnq_06_23.Last.txt
2023-05-19,1380,1380,0,100.0,False,13_mnq_06_23.Last.txt
2023-05-22,1380,1380,0,100.0,False,13_mnq_06_23.Last.txt
2023-05-23,1380,1380,0,100.0,False,13_mnq_06_23.Last.txt
2023-05-24,1380,1380,0,100.0,False,13_mnq_06_23.Last.txt
2023-05-25,1380,1380,0,100.0,False,13_mnq_06_23.Last.txt
2023-05-26,1380,1380,0,100.0,False,13_mnq_06_23.Last.txt
2023-05-29,1140,1140,0,100.0,True,13_mnq_06_23.Last.txt
2023-05-30,1380,1380,0,100.0,False,13_mnq_06_23.Last.txt
2023-05-31,1380,1380,0,100.0,False,13_mnq_06_23.Last.txt
2023-06-01,1380,1380,0,100.0,False,13_mnq_06_23.Last.txt
2023-06-02,1380,1380,0,100.0,False,13_mnq_06_23.Last.txt
2023-06-05,1380,1375,5,99.6376811594203,False,13_mnq_06_23.Last.txt
2023-06-06,1380,1380,0,100.0,False,13_mnq_06_23.Last.txt
2023-06-07,1380,1380,0,100.0,False,13_mnq_06_23.Last.txt
2023-06-08,1380,1380,0,100.0,False,13_mnq_06_23.Last.txt
2023-06-09,1380,1380,0,100.0,False,13_mnq_06_23.Last.txt
2023-06-12,1380,1380,0,100.0,False,13_mnq_06_23.Last.txt
2023-06-13,1380,1380,0,100.0,False,13_mnq_06_23.Last.txt
2023-06-14,1380,1380,0,100.0,False,13_mnq_06_23.Last.txt
2023-06-15,1380,1379,1,99.92753623188406,False,13_mnq_06_23.Last.txt
2023-06-16,930,914,16,98.27956989247312,False,13_mnq_06_23.Last.txt
2023-06-19,840,840,0,100.0,True,14_mnq_09_23.Last.txt
2023-06-20,1380,1380,0,100.0,False,14_mnq_09_23.Last.txt
2023-06-21,1380,1380,0,100.0,False,14_mnq_09_23.Last.txt
2023-06-22,1380,1380,0,100.0,False,14_mnq_09_23.Last.txt
2023-06-23,1380,1380,0,100.0,False,14_mnq_09_23.Last.txt
2023-06-26,1380,1380,0,100.0,False,14_mnq_09_23.Last.txt
2023-06-27,1380,1380,0,100.0,False,14_mnq_09_23.Last.txt
2023-06-28,1380,1380,0,100.0,False,14_mnq_09_23.Last.txt
2023-06-29,1380,1380,0,100.0,False,14_mnq_09_23.Last.txt
2023-06-30,1380,1380,0,100.0,False,14_mnq_09_23.Last.txt
2023-07-03,1140,1140,0,100.0,True,14_mnq_09_23.Last.txt
2023-07-04,1140,1139,1,99.91228070175438,True,14_mnq_09_23.Last.txt
2023-07-05,1380,1380,0,100.0,False,14_mnq_09_23.Last.txt
2023-07-06,1380,1380,0,100.0,False,14_mnq_09_23.Last.txt
2023-07-07,1380,1380,0,100.0,False,14_mnq_09_23.Last.txt
2023-07-10,1380,1380,0,100.0,False,14_mnq_09_23.Last.txt
2023-07-11,1380,1380,0,100.0,False,14_mnq_09_23.Last.txt
2023-07-12,1380,1380,0,100.0,False,14_mnq_09_23.Last.txt
2023-07-13,1380,1380,0,100.0,False,14_mnq_09_23.Last.txt
2023-07-14,1380,1380,0,100.0,False,14_mnq_09_23.Last.txt
2023-07-17,1380,1380,0,100.0,False,14_mnq_09_23.Last.txt
2023-07-18,1380,1380,0,100.0,False,14_mnq_09_23.Last.txt
2023-07-19,1380,1380,0,100.0,False,14_mnq_09_23.Last.txt
2023-07-20,1380,1380,0,100.0,False,14_mnq_09_23.Last.txt
2023-07-21,1380,1380,0,100.0,False,14_mnq_09_23.Last.txt
2023-07-24,1380,1380,0,100.0,False,14_mnq_09_23.Last.txt
2023-07-25,1380,1380,0,100.0,False,14_mnq_09_23.Last.txt
2023-07-26,1380,1380,0,100.0,False,14_mnq_09_23.Last.txt
2023-07-27,1380,1380,0,100.0,False,14_mnq_09_23.Last.txt
2023-07-28,1380,1380,0,100.0,False,14_mnq_09_23.Last.txt
2023-07-31,1380,1380,0,100.0,False,14_mnq_09_23.Last.txt
2023-08-01,1380,1380,0,100.0,False,14_mnq_09_23.Last.txt
2023-08-02,1380,1380,0,100.0,False,14_mnq_09_23.Last.txt
2023-08-03,1380,1380,0,100.0,False,14_mnq_09_23.Last.txt
2023-08-04,1380,1380,0,100.0,False,14_mnq_09_23.Last.txt
2023-08-07,1380,1380,0,100.0,False,14_mnq_09_23.Last.txt
2023-08-08,1380,1380,0,100.0,False,14_mnq_09_23.Last.txt
2023-08-09,1380,1380,0,100.0,False,14_mnq_09_23.Last.txt
2023-08-10,1380,1380,0,100.0,False,14_mnq_09_23.Last.txt
2023-08-11,1380,1380,0,100.0,False,14_mnq_09_23.Last.txt
2023-08-14,1380,1380,0,100.0,False,14_mnq_09_23.Last.txt
2023-08-15,1380,1380,0,100.0,False,14_mnq_09_23.Last.txt
2023-08-16,1380,1380,0,100.0,False,14_mnq_09_23.Last.txt
2023-08-17,1380,1380,0,100.0,False,14_mnq_09_23.Last.txt
2023-08-18,1380,1380,0,100.0,False,14_mnq_09_23.Last.txt
2023-08-21,1380,1380,0,100.0,False,14_mnq_09_23.Last.txt
2023-08-22,1380,1380,0,100.0,False,14_mnq_09_23.Last.txt
2023-08-23,1380,1380,0,100.0,False,14_mnq_09_23.Last.txt
2023-08-24,1380,1380,0,100.0,False,14_mnq_09_23.Last.txt
2023-08-25,1380,1379,1,99.92753623188406,False,14_mnq_09_23.Last.txt
2023-08-28,1380,1380,0,100.0,False,14_mnq_09_23.Last.txt
2023-08-29,1380,1380,0,100.0,False,14_mnq_09_23.Last.txt
2023-08-30,1380,1380,0,100.0,False,14_mnq_09_23.Last.txt
2023-08-31,1380,1380,0,100.0,False,14_mnq_09_23.Last.txt
2023-09-01,1380,1380,0,100.0,False,14_mnq_09_23.Last.txt
2023-09-04,1140,1140,0,100.0,True,14_mnq_09_23.Last.txt
2023-09-05,1380,1380,0,100.0,False,14_mnq_09_23.Last.txt
2023-09-06,1380,1380,0,100.0,False,14_mnq_09_23.Last.txt
2023-09-07,1380,1380,0,100.0,False,14_mnq_09_23.Last.txt
2023-09-08,1380,1380,0,100.0,False,14_mnq_09_23.Last.txt
2023-09-11,1380,1380,0,100.0,False,14_mnq_09_23.Last.txt
2023-09-12,1380,1380,0,100.0,False,14_mnq_09_23.Last.txt
2023-09-13,1380,1380,0,100.0,False,14_mnq_09_23.Last.txt
2023-09-14,1380,1376,4,99.71014492753623,False,14_mnq_09_23.Last.txt
2023-09-15,930,914,16,98.27956989247312,False,14_mnq_09_23.Last.txt
2023-09-18,1080,1080,0,100.0,False,15_mnq_12_23.Last.txt
2023-09-19,1380,1380,0,100.0,False,15_mnq_12_23.Last.txt
2023-09-20,1380,1380,0,100.0,False,15_mnq_12_23.Last.txt
2023-09-21,1380,1380,0,100.0,False,15_mnq_12_23.Last.txt
2023-09-22,1380,1380,0,100.0,False,15_mnq_12_23.Last.txt
2023-09-25,1380,1380,0,100.0,False,15_mnq_12_23.Last.txt
2023-09-26,1380,1380,0,100.0,False,15_mnq_12_23.Last.txt
2023-09-27,1380,1380,0,100.0,False,15_mnq_12_23.Last.txt
2023-09-28,1380,1380,0,100.0,False,15_mnq_12_23.Last.txt
2023-09-29,1380,1380,0,100.0,False,15_mnq_12_23.Last.txt
2023-10-02,1380,1380,0,100.0,False,15_mnq_12_23.Last.txt
2023-10-03,1380,1380,0,100.0,False,15_mnq_12_23.Last.txt
2023-10-04,1380,1380,0,100.0,False,15_mnq_12_23.Last.txt
2023-10-05,1380,1380,0,100.0,False,15_mnq_12_23.Last.txt
2023-10-06,1380,1380,0,100.0,False,15_mnq_12_23.Last.txt
2023-10-09,1380,1380,0,100.0,False,15_mnq_12_23.Last.txt
2023-10-10,1380,1377,3,99.78260869565217,False,15_mnq_12_23.Last.txt
2023-10-11,1380,1380,0,100.0,False,15_mnq_12_23.Last.txt
2023-10-12,1380,1380,0,100.0,False,15_mnq_12_23.Last.txt
2023-10-13,1380,1380,0,100.0,False,15_mnq_12_23.Last.txt
2023-10-16,1380,1380,0,100.0,False,15_mnq_12_23.Last.txt
2023-10-17,1380,1380,0,100.0,False,15_mnq_12_23.Last.txt
2023-10-18,1380,1380,0,100.0,False,15_mnq_12_23.Last.txt
2023-10-19,1380,1380,0,100.0,False,15_mnq_12_23.Last.txt
2023-10-20,1380,1380,0,100.0,False,15_mnq_12_23.Last.txt
2023-10-23,1380,1380,0,100.0,False,15_mnq_12_23.Last.txt
2023-10-24,1380,1380,0,100.0,False,15_mnq_12_23.Last.txt
2023-10-25,1380,1380,0,100.0,False,15_mnq_12_23.Last.txt
2023-10-26,1380,1380,0,100.0,False,15_mnq_12_23.Last.txt
2023-10-27,1380,1380,0,100.0,False,15_mnq_12_23.Last.txt
2023-10-30,1380,1380,0,100.0,False,15_mnq_12_23.Last.txt
2023-10-31,1380,1380,0,100.0,False,15_mnq_12_23.Last.txt
2023-11-01,1380,1380,0,100.0,False,15_mnq_12_23.Last.txt
2023-11-02,1380,1380,0,100.0,False,15_mnq_12_23.Last.txt
2023-11-03,1380,1380,0,100.0,False,15_mnq_12_23.Last.txt
2023-11-06,1380,1380,0,100.0,False,15_mnq_12_23.Last.txt
2023-11-07,1380,1380,0,100.0,False,15_mnq_12_23.Last.txt
2023-11-08,1380,1380,0,100.0,False,15_mnq_12_23.Last.txt
2023-11-09,1380,1380,0,100.0,False,15_mnq_12_23.Last.txt
2023-11-10,1380,1380,0,100.0,False,15_mnq_12_23.Last.txt
2023-11-13,1380,1380,0,100.0,False,15_mnq_12_23.Last.txt
2023-11-14,1380,1380,0,100.0,False,15_mnq_12_23.Last.txt
2023-11-15,1380,1380,0,100.0,False,15_mnq_12_23.Last.txt
2023-11-16,1380,1380,0,100.0,False,15_mnq_12_23.Last.txt
2023-11-17,1380,1380,0,100.0,False,15_mnq_12_23.Last.txt
2023-11-20,1380,1380,0,100.0,False,15_mnq_12_23.Last.txt
2023-11-21,1380,1380,0,100.0,False,15_mnq_12_23.Last.txt
2023-11-22,1380,1380,0,100.0,False,15_mnq_12_23.Last.txt
2023-11-23,1140,1140,0,100.0,True,15_mnq_12_23.Last.txt
2023-11-24,1140,1140,0,100.0,True,15_mnq_12_23.Last.txt
2023-11-27,1380,1380,0,100.0,False,15_mnq_12_23.Last.txt
2023-11-28,1380,1380,0,100.0,False,15_mnq_12_23.Last.txt
2023-11-29,1380,1380,0,100.0,False,15_mnq_12_23.Last.txt
2023-11-30,1380,1380,0,100.0,False,15_mnq_12_23.Last.txt
2023-12-01,1380,1380,0,100.0,False,15_mnq_12_23.Last.txt
2023-12-04,1380,1380,0,100.0,False,15_mnq_12_23.Last.txt
2023-12-05,1380,1380,0,100.0,False,15_mnq_12_23.Last.txt
2023-12-06,1380,1380,0,100.0,False,15_mnq_12_23.Last.txt
2023-12-07,1380,1380,0,100.0,False,15_mnq_12_23.Last.txt
2023-12-08,1380,1380,0,100.0,False,15_mnq_12_23.Last.txt
2023-12-11,1380,1380,0,100.0,False,15_mnq_12_23.Last.txt
2023-12-12,1380,1380,0,100.0,False,15_mnq_12_23.Last.txt
2023-12-13,1380,1378,2,99.85507246376811,False,15_mnq_12_23.Last.txt
2023-12-14,1380,1379,1,99.92753623188406,False,15_mnq_12_23.Last.txt
2023-12-15,930,885,45,95.16129032258064,False,15_mnq_12_23.Last.txt
2023-12-18,1140,1140,0,100.0,False,16_mnq_03_24.Last.txt
2023-12-19,1380,1380,0,100.0,False,16_mnq_03_24.Last.txt
2023-12-20,1380,1380,0,100.0,False,16_mnq_03_24.Last.txt
2023-12-21,1380,1380,0,100.0,False,16_mnq_03_24.Last.txt
2023-12-22,1380,1380,0,100.0,False,16_mnq_03_24.Last.txt
2023-12-26,1380,1380,0,100.0,False,16_mnq_03_24.Last.txt
2023-12-27,1380,1380,0,100.0,False,16_mnq_03_24.Last.txt
2023-12-28,1380,1380,0,100.0,False,16_mnq_03_24.Last.txt
2023-12-29,1380,1380,0,100.0,False,16_mnq_03_24.Last.txt
2024-01-02,1380,1380,0,100.0,False,16_mnq_03_24.Last.txt
2024-01-03,1380,1380,0,100.0,False,16_mnq_03_24.Last.txt
2024-01-04,1380,1380,0,100.0,False,16_mnq_03_24.Last.txt
2024-01-05,1380,1380,0,100.0,False,16_mnq_03_24.Last.txt
2024-01-08,1380,1380,0,100.0,False,16_mnq_03_24.Last.txt
2024-01-09,1380,1380,0,100.0,False,16_mnq_03_24.Last.txt
2024-01-10,1380,1380,0,100.0,False,16_mnq_03_24.Last.txt
2024-01-11,1380,1380,0,100.0,False,16_mnq_03_24.Last.txt
2024-01-12,1380,1380,0,100.0,False,16_mnq_03_24.Last.txt
2024-01-15,1140,1140,0,100.0,True,16_mnq_03_24.Last.txt
2024-01-16,1380,1380,0,100.0,False,16_mnq_03_24.Last.txt
2024-01-17,1380,1380,0,100.0,False,16_mnq_03_24.Last.txt
2024-01-18,1380,1380,0,100.0,False,16_mnq_03_24.Last.txt
2024-01-19,1380,1380,0,100.0,False,16_mnq_03_24.Last.txt
2024-01-22,1380,1380,0,100.0,False,16_mnq_03_24.Last.txt
2024-01-23,1380,1380,0,100.0,False,16_mnq_03_24.Last.txt
2024-01-24,1380,1380,0,100.0,False,16_mnq_03_24.Last.txt
2024-01-25,1380,1380,0,100.0,False,16_mnq_03_24.Last.txt
2024-01-26,1380,1380,0,100.0,False,16_mnq_03_24.Last.txt
2024-01-29,1380,1380,0,100.0,False,16_mnq_03_24.Last.txt
2024-01-30,1380,1380,0,100.0,False,16_mnq_03_24.Last.txt
2024-01-31,1380,1380,0,100.0,False,16_mnq_03_24.Last.txt
2024-02-01,1380,1380,0,100.0,False,16_mnq_03_24.Last.txt
2024-02-02,1380,1371,9,99.34782608695652,False,16_mnq_03_24.Last.txt
2024-02-05,1380,1380,0,100.0,False,16_mnq_03_24.Last.txt
2024-02-06,1380,1380,0,100.0,False,16_mnq_03_24.Last.txt
2024-02-07,1380,1380,0,100.0,False,16_mnq_03_24.Last.txt
2024-02-08,1380,1380,0,100.0,False,16_mnq_03_24.Last.txt
2024-02-09,1380,1380,0,100.0,False,16_mnq_03_24.Last.txt
2024-02-12,1380,1380,0,100.0,False,16_mnq_03_24.Last.txt
2024-02-13,1380,1380,0,100.0,False,16_mnq_03_24.Last.txt
2024-02-14,1380,1380,0,100.0,False,16_mnq_03_24.Last.txt
2024-02-15,1380,1380,0,100.0,False,16_mnq_03_24.Last.txt
2024-02-16,1380,1380,0,100.0,False,16_mnq_03_24.Last.txt
2024-02-19,1140,1140,0,100.0,True,16_mnq_03_24.Last.txt
2024-02-20,1380,1380,0,100.0,False,16_mnq_03_24.Last.txt
2024-02-21,1380,1380,0,100.0,False,16_mnq_03_24.Last.txt
2024-02-22,1380,1380,0,100.0,False,16_mnq_03_24.Last.txt
2024-02-23,1380,1380,0,100.0,False,16_mnq_03_24.Last.txt
2024-02-26,1380,1380,0,100.0,False,16_mnq_03_24.Last.txt
2024-02-27,1380,1380,0,100.0,False,16_mnq_03_24.Last.txt
2024-02-28,1380,1380,0,100.0,False,16_mnq_03_24.Last.txt
2024-02-29,1380,1380,0,100.0,False,16_mnq_03_24.Last.txt
2024-03-01,1380,1380,0,100.0,False,16_mnq_03_24.Last.txt
2024-03-04,1380,1380,0,100.0,False,16_mnq_03_24.Last.txt
2024-03-05,1380,1380,0,100.0,False,16_mnq_03_24.Last.txt
2024-03-06,1380,1380,0,100.0,False,16_mnq_03_24.Last.txt
2024-03-07,1380,1380,0,100.0,False,16_mnq_03_24.Last.txt
2024-03-08,1380,1380,0,100.0,False,16_mnq_03_24.Last.txt
2024-03-11,1380,1380,0,100.0,False,16_mnq_03_24.Last.txt
2024-03-12,1380,1380,0,100.0,False,16_mnq_03_24.Last.txt
2024-03-13,1380,1380,0,100.0,False,16_mnq_03_24.Last.txt
2024-03-14,1380,1377,3,99.78260869565217,False,16_mnq_03_24.Last.txt
2024-03-15,930,926,4,99.56989247311827,False,16_mnq_03_24.Last.txt
2024-03-18,1080,1080,0,100.0,False,17_mnq_06_24.Last.txt
2024-03-19,1380,1380,0,100.0,False,17_mnq_06_24.Last.txt
2024-03-20,1380,1380,0,100.0,False,17_mnq_06_24.Last.txt
2024-03-21,1380,1380,0,100.0,False,17_mnq_06_24.Last.txt
2024-03-22,1380,1380,0,100.0,False,17_mnq_06_24.Last.txt
2024-03-25,1380,1380,0,100.0,False,17_mnq_06_24.Last.txt
2024-03-26,1380,1380,0,100.0,False,17_mnq_06_24.Last.txt
2024-03-27,1380,1380,0,100.0,False,17_mnq_06_24.Last.txt
2024-03-28,1380,1380,0,100.0,False,17_mnq_06_24.Last.txt
2024-03-29,915,0,915,0.0,True,17_mnq_06_24.Last.txt
2024-04-01,1380,1380,0,100.0,False,17_mnq_06_24.Last.txt
2024-04-02,1380,1380,0,100.0,False,17_mnq_06_24.Last.txt
2024-04-03,1380,1380,0,100.0,False,17_mnq_06_24.Last.txt
2024-04-04,1380,1380,0,100.0,False,17_mnq_06_24.Last.txt
2024-04-05,1380,1380,0,100.0,False,17_mnq_06_24.Last.txt
2024-04-08,1380,1380,0,100.0,False,17_mnq_06_24.Last.txt
2024-04-09,1380,1380,0,100.0,False,17_mnq_06_24.Last.txt
2024-04-10,1380,1380,0,100.0,False,17_mnq_06_24.Last.txt
2024-04-11,1380,1380,0,100.0,False,17_mnq_06_24.Last.txt
2024-04-12,1380,1380,0,100.0,False,17_mnq_06_24.Last.txt
2024-04-15,1380,1380,0,100.0,False,17_mnq_06_24.Last.txt
2024-04-16,1380,1380,0,100.0,False,17_mnq_06_24.Last.txt
2024-04-17,1380,1380,0,100.0,False,17_mnq_06_24.Last.txt
2024-04-18,1380,1380,0,100.0,False,17_mnq_06_24.Last.txt
2024-04-19,1380,1380,0,100.0,False,17_mnq_06_24.Last.txt
2024-04-22,1380,1355,25,98.18840579710145,False,17_mnq_06_24.Last.txt
2024-04-23,1380,1380,0,100.0,False,17_mnq_06_24.Last.txt
2024-04-24,1380,1380,0,100.0,False,17_mnq_06_24.Last.txt
2024-04-25,1380,1380,0,100.0,False,17_mnq_06_24.Last.txt
2024-04-26,1380,1380,0,100.0,False,17_mnq_06_24.Last.txt
2024-04-29,1380,1380,0,100.0,False,17_mnq_06_24.Last.txt
2024-04-30,1380,1380,0,100.0,False,17_mnq_06_24.Last.txt
2024-05-01,1380,1380,0,100.0,False,17_mnq_06_24.Last.txt
2024-05-02,1380,1380,0,100.0,False,17_mnq_06_24.Last.txt
2024-05-03,1380,1380,0,100.0,False,17_mnq_06_24.Last.txt
2024-05-06,1380,1380,0,100.0,False,17_mnq_06_24.Last.txt
2024-05-07,1380,1380,0,100.0,False,17_mnq_06_24.Last.txt
2024-05-08,1380,1380,0,100.0,False,17_mnq_06_24.Last.txt
2024-05-09,1380,1380,0,100.0,False,17_mnq_06_24.Last.txt
2024-05-10,1380,1380,0,100.0,False,17_mnq_06_24.Last.txt
2024-05-13,1380,1380,0,100.0,False,17_mnq_06_24.Last.txt
2024-05-14,1380,1380,0,100.0,False,17_mnq_06_24.Last.txt
2024-05-15,1380,1380,0,100.0,False,17_mnq_06_24.Last.txt
2024-05-16,1380,1380,0,100.0,False,17_mnq_06_24.Last.txt
2024-05-17,1380,1380,0,100.0,False,17_mnq_06_24.Last.txt
2024-05-20,1380,1380,0,100.0,False,17_mnq_06_24.Last.txt
2024-05-21,1380,1380,0,100.0,False,17_mnq_06_24.Last.txt
2024-05-22,1380,1380,0,100.0,False,17_mnq_06_24.Last.txt
2024-05-23,1380,1380,0,100.0,False,17_mnq_06_24.Last.txt
2024-05-24,1380,1380,0,100.0,False,17_mnq_06_24.Last.txt
2024-05-27,1140,1140,0,100.0,True,17_mnq_06_24.Last.txt
2024-05-28,1380,1380,0,100.0,False,17_mnq_06_24.Last.txt
2024-05-29,1380,1380,0,100.0,False,17_mnq_06_24.Last.txt
2024-05-30,1380,1380,0,100.0,False,17_mnq_06_24.Last.txt
2024-05-31,1380,1380,0,100.0,False,17_mnq_06_24.Last.txt
2024-06-03,1380,1380,0,100.0,False,17_mnq_06_24.Last.txt
2024-06-04,1380,1380,0,100.0,False,17_mnq_06_24.Last.txt
2024-06-05,1380,1380,0,100.0,False,17_mnq_06_24.Last.txt
2024-06-06,1380,1380,0,100.0,False,17_mnq_06_24.Last.txt
2024-06-07,1380,1380,0,100.0,False,17_mnq_06_24.Last.txt
2024-06-10,1380,1380,0,100.0,False,17_mnq_06_24.Last.txt
2024-06-11,1380,1380,0,100.0,False,17_mnq_06_24.Last.txt
2024-06-12,1380,1380,0,100.0,False,17_mnq_06_24.Last.txt
2024-06-13,1380,1380,0,100.0,False,17_mnq_06_24.Last.txt
2024-06-14,1380,1380,0,100.0,False,17_mnq_06_24.Last.txt
2024-06-17,1380,1378,2,99.85507246376811,False,17_mnq_06_24.Last.txt
2024-06-18,1380,1380,0,100.0,False,17_mnq_06_24.Last.txt
2024-06-19,1140,1131,9,99.21052631578948,True,17_mnq_06_24.Last.txt
2024-06-20,1380,1377,3,99.78260869565217,False,17_mnq_06_24.Last.txt
2024-06-21,930,881,49,94.73118279569893,False,17_mnq_06_24.Last.txt
2024-06-24,1080,1080,0,100.0,False,18_mnq_09_24.Last.txt
2024-06-25,1380,1380,0,100.0,False,18_mnq_09_24.Last.txt
2024-06-26,1380,1380,0,100.0,False,18_mnq_09_24.Last.txt
2024-06-27,1380,1380,0,100.0,False,18_mnq_09_24.Last.txt
2024-06-28,1380,1380,0,100.0,False,18_mnq_09_24.Last.txt
2024-07-01,1380,1380,0,100.0,False,18_mnq_09_24.Last.txt
2024-07-02,1380,1380,0,100.0,False,18_mnq_09_24.Last.txt
2024-07-03,1140,1140,0,100.0,True,18_mnq_09_24.Last.txt
2024-07-04,1140,1140,0,100.0,True,18_mnq_09_24.Last.txt
2024-07-05,1380,1380,0,100.0,False,18_mnq_09_24.Last.txt
2024-07-08,1380,1380,0,100.0,False,18_mnq_09_24.Last.txt
2024-07-09,1380,1380,0,100.0,False,18_mnq_09_24.Last.txt
2024-07-10,1380,1380,0,100.0,False,18_mnq_09_24.Last.txt
2024-07-11,1380,1380,0,100.0,False,18_mnq_09_24.Last.txt
2024-07-12,1380,1380,0,100.0,False,18_mnq_09_24.Last.txt
2024-07-15,1380,1380,0,100.0,False,18_mnq_09_24.Last.txt
2024-07-16,1380,1380,0,100.0,False,18_mnq_09_24.Last.txt
2024-07-17,1380,1380,0,100.0,False,18_mnq_09_24.Last.txt
2024-07-18,1380,1380,0,100.0,False,18_mnq_09_24.Last.txt
2024-07-19,1380,1369,11,99.20289855072464,False,18_mnq_09_24.Last.txt
2024-07-22,1380,1380,0,100.0,False,18_mnq_09_24.Last.txt
2024-07-23,1380,1380,0,100.0,False,18_mnq_09_24.Last.txt
2024-07-24,1380,1380,0,100.0,False,18_mnq_09_24.Last.txt
2024-07-25,1380,1373,7,99.4927536231884,False,18_mnq_09_24.Last.txt
2024-07-26,1380,1380,0,100.0,False,18_mnq_09_24.Last.txt
2024-07-29,1380,1380,0,100.0,False,18_mnq_09_24.Last.txt
2024-07-30,1380,1380,0,100.0,False,18_mnq_09_24.Last.txt
2024-07-31,1380,1380,0,100.0,False,18_mnq_09_24.Last.txt
2024-08-01,1380,1380,0,100.0,False,18_mnq_09_24.Last.txt
2024-08-02,1380,1372,8,99.42028985507247,False,18_mnq_09_24.Last.txt
2024-08-05,1380,1378,2,99.85507246376811,False,18_mnq_09_24.Last.txt
2024-08-06,1380,1380,0,100.0,False,18_mnq_09_24.Last.txt
2024-08-07,1380,1380,0,100.0,False,18_mnq_09_24.Last.txt
2024-08-08,1380,1380,0,100.0,False,18_mnq_09_24.Last.txt
2024-08-09,1380,1380,0,100.0,False,18_mnq_09_24.Last.txt
2024-08-12,1380,1380,0,100.0,False,18_mnq_09_24.Last.txt
2024-08-13,1380,1380,0,100.0,False,18_mnq_09_24.Last.txt
2024-08-14,1380,1380,0,100.0,False,18_mnq_09_24.Last.txt
2024-08-15,1380,1380,0,100.0,False,18_mnq_09_24.Last.txt
2024-08-16,1380,1380,0,100.0,False,18_mnq_09_24.Last.txt
2024-08-19,1380,1380,0,100.0,False,18_mnq_09_24.Last.txt
2024-08-20,1380,1380,0,100.0,False,18_mnq_09_24.Last.txt
2024-08-21,1380,1380,0,100.0,False,18_mnq_09_24.Last.txt
2024-08-22,1380,1380,0,100.0,False,18_mnq_09_24.Last.txt
2024-08-23,1380,1380,0,100.0,False,18_mnq_09_24.Last.txt
2024-08-26,1380,1380,0,100.0,False,18_mnq_09_24.Last.txt
2024-08-27,1380,1380,0,100.0,False,18_mnq_09_24.Last.txt
2024-08-28,1380,1380,0,100.0,False,18_mnq_09_24.Last.txt
2024-08-29,1380,1380,0,100.0,False,18_mnq_09_24.Last.txt
2024-08-30,1380,1380,0,100.0,False,18_mnq_09_24.Last.txt
2024-09-02,1140,1140,0,100.0,True,18_mnq_09_24.Last.txt
2024-09-03,1380,1380,0,100.0,False,18_mnq_09_24.Last.txt
2024-09-04,1380,1380,0,100.0,False,18_mnq_09_24.Last.txt
2024-09-05,1380,1380,0,100.0,False,18_mnq_09_24.Last.txt
2024-09-06,1380,1380,0,100.0,False,18_mnq_09_24.Last.txt
2024-09-09,1380,1380,0,100.0,False,18_mnq_09_24.Last.txt
2024-09-10,1380,1380,0,100.0,False,18_mnq_09_24.Last.txt
2024-09-11,1380,1380,0,100.0,False,18_mnq_09_24.Last.txt
2024-09-12,1380,1380,0,100.0,False,18_mnq_09_24.Last.txt
2024-09-13,1380,1380,0,100.0,False,18_mnq_09_24.Last.txt
2024-09-16,1380,1380,0,100.0,False,18_mnq_09_24.Last.txt
2024-09-17,1380,1380,0,100.0,False,18_mnq_09_24.Last.txt
2024-09-18,1380,1380,0,100.0,False,18_mnq_09_24.Last.txt
2024-09-19,1380,1377,3,99.78260869565217,False,18_mnq_09_24.Last.txt
2024-09-20,1380,909,471,65.8695652173913,False,18_mnq_09_24.Last.txt
2024-09-23,1080,1080,0,100.0,False,19_mnq_12_24.Last.txt
2024-09-24,1380,1380,0,100.0,False,19_mnq_12_24.Last.txt
2024-09-25,1380,1380,0,100.0,False,19_mnq_12_24.Last.txt
2024-09-26,1380,1380,0,100.0,False,19_mnq_12_24.Last.txt
2024-09-27,1380,1380,0,100.0,False,19_mnq_12_24.Last.txt
2024-09-30,1380,1380,0,100.0,False,19_mnq_12_24.Last.txt
2024-10-01,1380,1380,0,100.0,False,19_mnq_12_24.Last.txt
2024-10-02,1380,1380,0,100.0,False,19_mnq_12_24.Last.txt
2024-10-03,1380,1380,0,100.0,False,19_mnq_12_24.Last.txt
2024-10-04,1380,1380,0,100.0,False,19_mnq_12_24.Last.txt
2024-10-07,1380,1380,0,100.0,False,19_mnq_12_24.Last.txt
2024-10-08,1380,1378,2,99.85507246376811,False,19_mnq_12_24.Last.txt
2024-10-09,1380,1380,0,100.0,False,19_mnq_12_24.Last.txt
2024-10-10,1380,1380,0,100.0,False,19_mnq_12_24.Last.txt
2024-10-11,1380,1380,0,100.0,False,19_mnq_12_24.Last.txt
2024-10-14,1380,1380,0,100.0,False,19_mnq_12_24.Last.txt
2024-10-15,1380,1380,0,100.0,False,19_mnq_12_24.Last.txt
2024-10-16,1380,1380,0,100.0,False,19_mnq_12_24.Last.txt
2024-10-17,1380,1380,0,100.0,False,19_mnq_12_24.Last.txt
2024-10-18,1380,1380,0,100.0,False,19_mnq_12_24.Last.txt
2024-10-21,1380,1380,0,100.0,False,19_mnq_12_24.Last.txt
2024-10-22,1380,1380,0,100.0,False,19_mnq_12_24.Last.txt
2024-10-23,1380,1380,0,100.0,False,19_mnq_12_24.Last.txt
2024-10-24,1380,1380,0,100.0,False,19_mnq_12_24.Last.txt
2024-10-25,1380,1380,0,100.0,False,19_mnq_12_24.Last.txt
2024-10-28,1380,1380,0,100.0,False,19_mnq_12_24.Last.txt
2024-10-29,1380,1380,0,100.0,False,19_mnq_12_24.Last.txt
2024-10-30,1380,1380,0,100.0,False,19_mnq_12_24.Last.txt
2024-10-31,1380,1380,0,100.0,False,19_mnq_12_24.Last.txt
2024-11-01,1380,1380,0,100.0,False,19_mnq_12_24.Last.txt
2024-11-04,1380,1380,0,100.0,False,19_mnq_12_24.Last.txt
2024-11-05,1380,1380,0,100.0,False,19_mnq_12_24.Last.txt
2024-11-06,1380,1380,0,100.0,False,19_mnq_12_24.Last.txt
2024-11-07,1380,1380,0,100.0,False,19_mnq_12_24.Last.txt
2024-11-08,1380,1380,0,100.0,False,19_mnq_12_24.Last.txt
2024-11-11,1380,1380,0,100.0,False,19_mnq_12_24.Last.txt
2024-11-12,1380,1380,0,100.0,False,19_mnq_12_24.Last.txt
2024-11-13,1380,1380,0,100.0,False,19_mnq_12_24.Last.txt
2024-11-14,1380,1380,0,100.0,False,19_mnq_12_24.Last.txt
2024-11-15,1380,1380,0,100.0,False,19_mnq_12_24.Last.txt
2024-11-18,1380,1380,0,100.0,False,19_mnq_12_24.Last.txt
2024-11-19,1380,1380,0,100.0,False,19_mnq_12_24.Last.txt
2024-11-20,1380,1380,0,100.0,False,19_mnq_12_24.Last.txt
2024-11-21,1380,1380,0,100.0,False,19_mnq_12_24.Last.txt
2024-11-22,1380,1380,0,100.0,False,19_mnq_12_24.Last.txt
2024-11-25,1380,1379,1,99.92753623188406,False,19_mnq_12_24.Last.txt
2024-11-26,1380,1380,0,100.0,False,19_mnq_12_24.Last.txt
2024-11-27,1380,1380,0,100.0,False,19_mnq_12_24.Last.txt
2024-11-28,1140,1140,0,100.0,True,19_mnq_12_24.Last.txt
2024-11-29,1140,1140,0,100.0,True,19_mnq_12_24.Last.txt
2024-12-02,1380,1380,0,100.0,False,19_mnq_12_24.Last.txt
2024-12-03,1380,1380,0,100.0,False,19_mnq_12_24.Last.txt
2024-12-04,1380,1380,0,100.0,False,19_mnq_12_24.Last.txt
2024-12-05,1380,1380,0,100.0,False,19_mnq_12_24.Last.txt
2024-12-06,1380,1380,0,100.0,False,19_mnq_12_24.Last.txt
2024-12-09,1380,1380,0,100.0,False,19_mnq_12_24.Last.txt
2024-12-10,1380,1380,0,100.0,False,19_mnq_12_24.Last.txt
2024-12-11,1380,1380,0,100.0,False,19_mnq_12_24.Last.txt
2024-12-12,1380,1380,0,100.0,False,19_mnq_12_24.Last.txt
2024-12-13,1380,1380,0,100.0,False,19_mnq_12_24.Last.txt
2024-12-16,1380,1380,0,100.0,False,19_mnq_12_24.Last.txt
2024-12-17,1380,1380,0,100.0,False,19_mnq_12_24.Last.txt
2024-12-18,1380,1379,1,99.92753623188406,False,19_mnq_12_24.Last.txt
2024-12-19,1380,1380,0,100.0,False,19_mnq_12_24.Last.txt
2024-12-20,1350,918,432,68.0,False,19_mnq_12_24.Last.txt
2024-12-12,1140,987,153,86.57894736842105,False,20_mnq_03_25.Last.txt
2024-12-13,1380,1369,11,99.20289855072464,False,20_mnq_03_25.Last.txt
2024-12-16,1380,1380,0,100.0,False,20_mnq_03_25.Last.txt
2024-12-17,1380,1380,0,100.0,False,20_mnq_03_25.Last.txt
2024-12-18,1380,1380,0,100.0,False,20_mnq_03_25.Last.txt
2024-12-19,1380,1380,0,100.0,False,20_mnq_03_25.Last.txt
2024-12-20,1380,1380,0,100.0,False,20_mnq_03_25.Last.txt
2024-12-23,1380,1380,0,100.0,False,20_mnq_03_25.Last.txt
2024-12-24,1140,1140,0,100.0,True,20_mnq_03_25.Last.txt
2024-12-26,1380,1380,0,100.0,False,20_mnq_03_25.Last.txt
2024-12-27,1380,1380,0,100.0,False,20_mnq_03_25.Last.txt
2024-12-30,1380,1380,0,100.0,False,20_mnq_03_25.Last.txt
2024-12-31,1380,1380,0,100.0,False,20_mnq_03_25.Last.txt
2025-01-02,1380,1380,0,100.0,False,20_mnq_03_25.Last.txt
2025-01-03,1380,1380,0,100.0,False,20_mnq_03_25.Last.txt
2025-01-06,1380,1380,0,100.0,False,20_mnq_03_25.Last.txt
2025-01-07,1380,1380,0,100.0,False,20_mnq_03_25.Last.txt
2025-01-08,1380,1380,0,100.0,False,20_mnq_03_25.Last.txt
2025-01-09,930,930,0,100.0,True,20_mnq_03_25.Last.txt
2025-01-10,1380,1380,0,100.0,False,20_mnq_03_25.Last.txt
2025-01-13,1380,1380,0,100.0,False,20_mnq_03_25.Last.txt
2025-01-14,1380,1380,0,100.0,False,20_mnq_03_25.Last.txt
2025-01-15,1380,1380,0,100.0,False,20_mnq_03_25.Last.txt
2025-01-16,1380,1380,0,100.0,False,20_mnq_03_25.Last.txt
2025-01-17,1380,1380,0,100.0,False,20_mnq_03_25.Last.txt
2025-01-20,1140,1140,0,100.0,True,20_mnq_03_25.Last.txt
2025-01-21,1380,1380,0,100.0,False,20_mnq_03_25.Last.txt
2025-01-22,1380,1380,0,100.0,False,20_mnq_03_25.Last.txt
2025-01-23,1380,1362,18,98.69565217391305,False,20_mnq_03_25.Last.txt
2025-01-24,1380,1380,0,100.0,False,20_mnq_03_25.Last.txt
2025-01-27,1380,1380,0,100.0,False,20_mnq_03_25.Last.txt
2025-01-28,1380,1380,0,100.0,False,20_mnq_03_25.Last.txt
2025-01-29,1380,1380,0,100.0,False,20_mnq_03_25.Last.txt
2025-01-30,1380,1380,0,100.0,False,20_mnq_03_25.Last.txt
2025-01-31,1380,1380,0,100.0,False,20_mnq_03_25.Last.txt
2025-02-03,1380,1380,0,100.0,False,20_mnq_03_25.Last.txt
2025-02-04,1380,1380,0,100.0,False,20_mnq_03_25.Last.txt
2025-02-05,1380,1380,0,100.0,False,20_mnq_03_25.Last.txt
2025-02-06,1380,1380,0,100.0,False,20_mnq_03_25.Last.txt
2025-02-07,1380,1380,0,100.0,False,20_mnq_03_25.Last.txt
2025-02-10,1380,1380,0,100.0,False,20_mnq_03_25.Last.txt
2025-02-11,1380,1380,0,100.0,False,20_mnq_03_25.Last.txt
2025-02-12,1380,1380,0,100.0,False,20_mnq_03_25.Last.txt
2025-02-13,1380,1380,0,100.0,False,20_mnq_03_25.Last.txt
2025-02-14,1380,1380,0,100.0,False,20_mnq_03_25.Last.txt
2025-02-17,1140,1140,0,100.0,True,20_mnq_03_25.Last.txt
2025-02-18,1380,1380,0,100.0,False,20_mnq_03_25.Last.txt
2025-02-19,1380,1380,0,100.0,False,20_mnq_03_25.Last.txt
2025-02-20,1380,1380,0,100.0,False,20_mnq_03_25.Last.txt
2025-02-21,1380,1380,0,100.0,False,20_mnq_03_25.Last.txt
2025-02-24,1380,1380,0,100.0,False,20_mnq_03_25.Last.txt
2025-02-25,1380,1380,0,100.0,False,20_mnq_03_25.Last.txt
2025-02-26,1380,1380,0,100.0,False,20_mnq_03_25.Last.txt
2025-02-27,1380,1380,0,100.0,False,20_mnq_03_25.Last.txt
2025-02-28,1380,1380,0,100.0,False,20_mnq_03_25.Last.txt
2025-03-03,1380,1380,0,100.0,False,20_mnq_03_25.Last.txt
2025-03-04,1380,1380,0,100.0,False,20_mnq_03_25.Last.txt
2025-03-05,1380,1380,0,100.0,False,20_mnq_03_25.Last.txt
2025-03-06,1380,1380,0,100.0,False,20_mnq_03_25.Last.txt
2025-03-07,1380,1380,0,100.0,False,20_mnq_03_25.Last.txt
2025-03-10,1380,1380,0,100.0,False,20_mnq_03_25.Last.txt
2025-03-11,1380,1380,0,100.0,False,20_mnq_03_25.Last.txt
2025-03-12,1380,1380,0,100.0,False,20_mnq_03_25.Last.txt
2025-03-13,1380,1380,0,100.0,False,20_mnq_03_25.Last.txt
2025-03-14,1380,1380,0,100.0,False,20_mnq_03_25.Last.txt
2025-03-17,1380,300,1080,21.73913043478261,False,20_mnq_03_25.Last.txt
2025-03-18,1380,1080,300,78.26086956521739,False,20_mnq_03_25.Last.txt
2025-03-19,1380,1380,0,100.0,False,20_mnq_03_25.Last.txt
2025-03-20,1380,1380,0,100.0,False,20_mnq_03_25.Last.txt
2025-03-21,1380,921,459,66.73913043478261,False,20_mnq_03_25.Last.txt
2025-03-13,1080,1070,10,99.07407407407408,False,21_mnq_06_25.Last.txt
2025-03-14,1380,1363,17,98.76811594202898,False,21_mnq_06_25.Last.txt
2025-03-17,1380,1380,0,100.0,False,21_mnq_06_25.Last.txt
2025-03-18,1380,1380,0,100.0,False,21_mnq_06_25.Last.txt
2025-03-19,1380,1380,0,100.0,False,21_mnq_06_25.Last.txt
2025-03-20,1380,1380,0,100.0,False,21_mnq_06_25.Last.txt
2025-03-21,1380,1380,0,100.0,False,21_mnq_06_25.Last.txt
2025-03-24,1380,1380,0,100.0,False,21_mnq_06_25.Last.txt
2025-03-25,1380,1379,1,99.92753623188406,False,21_mnq_06_25.Last.txt
2025-03-26,1380,1380,0,100.0,False,21_mnq_06_25.Last.txt
2025-03-27,1380,1380,0,100.0,False,21_mnq_06_25.Last.txt
2025-03-28,1380,1380,0,100.0,False,21_mnq_06_25.Last.txt
2025-03-31,1380,1380,0,100.0,False,21_mnq_06_25.Last.txt
2025-04-01,1380,1380,0,100.0,False,21_mnq_06_25.Last.txt
2025-04-02,1380,1379,1,99.92753623188406,False,21_mnq_06_25.Last.txt
2025-04-03,1380,1378,2,99.85507246376811,False,21_mnq_06_25.Last.txt
2025-04-04,1380,1379,1,99.92753623188406,False,21_mnq_06_25.Last.txt
2025-04-07,1380,1380,0,100.0,False,21_mnq_06_25.Last.txt
2025-04-08,1380,1380,0,100.0,False,21_mnq_06_25.Last.txt
2025-04-09,1380,1380,0,100.0,False,21_mnq_06_25.Last.txt
2025-04-10,1380,1380,0,100.0,False,21_mnq_06_25.Last.txt
2025-04-11,1380,1380,0,100.0,False,21_mnq_06_25.Last.txt
2025-04-14,1380,1380,0,100.0,False,21_mnq_06_25.Last.txt
2025-04-15,1380,1380,0,100.0,False,21_mnq_06_25.Last.txt
2025-04-16,1380,1380,0,100.0,False,21_mnq_06_25.Last.txt
2025-04-17,1380,1380,0,100.0,False,21_mnq_06_25.Last.txt
2025-04-18,915,0,915,0.0,True,21_mnq_06_25.Last.txt
2025-04-21,1380,1380,0,100.0,False,21_mnq_06_25.Last.txt
2025-04-22,1380,1380,0,100.0,False,21_mnq_06_25.Last.txt
2025-04-23,1380,1380,0,100.0,False,21_mnq_06_25.Last.txt
2025-04-24,1380,1380,0,100.0,False,21_mnq_06_25.Last.txt
2025-04-25,1380,1380,0,100.0,False,21_mnq_06_25.Last.txt
2025-04-28,1380,1380,0,100.0,False,21_mnq_06_25.Last.txt
2025-04-29,1380,1380,0,100.0,False,21_mnq_06_25.Last.txt
2025-04-30,1380,1380,0,100.0,False,21_mnq_06_25.Last.txt
2025-05-01,1380,1380,0,100.0,False,21_mnq_06_25.Last.txt
2025-05-02,1380,1380,0,100.0,False,21_mnq_06_25.Last.txt
2025-05-05,1380,1380,0,100.0,False,21_mnq_06_25.Last.txt
2025-05-06,1380,1380,0,100.0,False,21_mnq_06_25.Last.txt
2025-05-07,1380,1380,0,100.0,False,21_mnq_06_25.Last.txt
2025-05-08,1380,1380,0,100.0,False,21_mnq_06_25.Last.txt
2025-05-09,1380,1380,0,100.0,False,21_mnq_06_25.Last.txt
2025-05-12,1380,1380,0,100.0,False,21_mnq_06_25.Last.txt
2025-05-13,1380,1380,0,100.0,False,21_mnq_06_25.Last.txt
2025-05-14,1380,1380,0,100.0,False,21_mnq_06_25.Last.txt
2025-05-15,1380,1380,0,100.0,False,21_mnq_06_25.Last.txt
2025-05-16,1380,1380,0,100.0,False,21_mnq_06_25.Last.txt
2025-05-19,1380,1380,0,100.0,False,21_mnq_06_25.Last.txt
2025-05-20,1380,1380,0,100.0,False,21_mnq_06_25.Last.txt
2025-05-21,1380,1380,0,100.0,False,21_mnq_06_25.Last.txt
2025-05-22,1380,1380,0,100.0,False,21_mnq_06_25.Last.txt
2025-05-23,1380,1380,0,100.0,False,21_mnq_06_25.Last.txt
2025-05-26,1140,1140,0,100.0,True,21_mnq_06_25.Last.txt
2025-05-27,1380,1380,0,100.0,False,21_mnq_06_25.Last.txt
2025-05-28,1380,1380,0,100.0,False,21_mnq_06_25.Last.txt
2025-05-29,1380,1380,0,100.0,False,21_mnq_06_25.Last.txt
2025-05-30,1380,1380,0,100.0,False,21_mnq_06_25.Last.txt
2025-06-02,1380,1380,0,100.0,False,21_mnq_06_25.Last.txt
2025-06-03,1380,1380,0,100.0,False,21_mnq_06_25.Last.txt
2025-06-04,1380,1380,0,100.0,False,21_mnq_06_25.Last.txt
2025-06-05,1380,1380,0,100.0,False,21_mnq_06_25.Last.txt
2025-06-06,1380,1380,0,100.0,False,21_mnq_06_25.Last.txt
2025-06-09,1380,1380,0,100.0,False,21_mnq_06_25.Last.txt
2025-06-10,1380,1380,0,100.0,False,21_mnq_06_25.Last.txt
2025-06-11,1380,1380,0,100.0,False,21_mnq_06_25.Last.txt
2025-06-12,1380,1380,0,100.0,False,21_mnq_06_25.Last.txt
2025-06-13,1380,1380,0,100.0,False,21_mnq_06_25.Last.txt
2025-06-16,1380,1380,0,100.0,False,21_mnq_06_25.Last.txt
2025-06-17,1380,1380,0,100.0,False,21_mnq_06_25.Last.txt
2025-06-18,1380,1379,1,99.92753623188406,False,21_mnq_06_25.Last.txt
2025-06-19,1140,1137,3,99.73684210526316,True,21_mnq_06_25.Last.txt
2025-06-20,1380,909,471,65.8695652173913,False,21_mnq_06_25.Last.txt
