group_type,group,lag,n_pairs,rho,beta,insufficient_sample
year,2019,1,7268,0.028543227658951415,0.028549436425579163,False
year,2020,1,341661,0.0070808997414306945,0.007062274784437185,False
year,2021,1,348320,0.01173392088116789,0.011728648575840415,False
year,2022,1,349610,0.009819737111574573,0.009824310405891214,False
year,2023,1,349264,-0.008744947514010762,-0.008741767185183767,False
year,2024,1,351915,0.0075369267085408885,0.007534885783009642,False
year,2025,1,163396,-0.0008643007618852817,-0.0008630243465326245,False
year,2019,2,7138,-0.06540086734544469,-0.0654295886409577,False
year,2020,2,340794,-0.01860548716923748,-0.01854223933610158,False
year,2021,2,347659,-0.007316292887722272,-0.007308082652159007,False
year,2022,2,349238,-0.00468848828405434,-0.004692432942637903,False
year,2023,2,348898,-0.004232373345772432,-0.004229672615830025,False
year,2024,2,351575,-0.01305391293620114,-0.013043104505952037,False
year,2025,2,163251,0.010658923945054416,0.010639912185027483,False
year,2019,3,7020,0.06155641995150419,0.06157415771792003,False
year,2020,3,339985,-0.002129166795949456,-0.0021167794781571823,False
year,2021,3,347034,-0.003188351173771862,-0.0031859043393355326,False
year,2022,3,348874,-0.0008929140163664507,-0.0008934586224583924,False
year,2023,3,348540,-0.0012366072563890472,-0.0012354392852852252,False
year,2024,3,351240,0.00024653060889278294,0.000246300087995483,False
year,2025,3,163106,-0.002597950813652293,-0.0025894717007806873,False
year,2019,4,6911,0.0478224106255873,0.047848932559713536,False
year,2020,4,339217,0.0020114626519647017,0.0019974256737445325,False
year,2021,4,346457,0.0012045960615724718,0.001203690067980215,False
year,2022,4,348515,3.12298829135398e-05,3.1238758490604534e-05,False
year,2023,4,348188,0.007883075606696295,0.007873391703173395,False
year,2024,4,350908,0.010613655315997004,0.010599900478170445,False
year,2025,4,162961,0.013160674796274032,0.013120794612574559,False
year,2019,5,6807,-0.0324459436390299,-0.03248057672169265,False
year,2020,5,338488,-0.007550292863353589,-0.007489073784496227,False
year,2021,5,345906,0.0060204334554479245,0.006015823572796025,False
year,2022,5,348162,-0.0021463019236390803,-0.0021465413115104985,False
year,2023,5,347844,-0.008314167112893851,-0.008302904995002167,False
year,2024,5,350578,-0.0052454608350629974,-0.0052368156551692935,False
year,2025,5,162816,-0.00645762980170072,-0.0064356325624479824,False
year,2019,6,6709,0.021426998416228905,0.02145361610658622,False
year,2020,6,337786,0.009895688216811582,0.00981467583908734,False
year,2021,6,345376,-0.008539587015771458,-0.00853376768274661,False
year,2022,6,347814,-0.006553813113096891,-0.006553891295262367,False
year,2023,6,347503,-0.007103710725339603,-0.007093652945510439,False
year,2024,6,350249,-0.0026790594736196055,-0.0026744138035376098,False
year,2025,6,162672,0.013473993894281099,0.013421267469275197,False
year,2019,7,6617,0.030223979501490205,0.030247513866991517,False
year,2020,7,337102,0.007135685415809759,0.0070731240050479855,False
year,2021,7,344856,-0.0029922343835618757,-0.0029903475201720313,False
year,2022,7,347469,-0.0031605254033899867,-0.0031601264593776996,False
year,2023,7,347166,0.004450555060683502,0.004443535923159005,False
year,2024,7,349921,-0.008436032082509409,-0.008420508834803895,False
year,2025,7,162528,-0.00837065369315131,-0.00833164706624209,False
year,2019,8,6529,-0.014380738428264747,-0.014395885346340308,False
year,2020,8,336432,0.0016726258616725775,0.0016569931200204988,False
year,2021,8,344349,0.006955114885749542,0.006953841864681091,False
year,2022,8,347129,0.00046143172832297213,0.0004613181563404656,False
year,2023,8,346833,-0.0038045999417608864,-0.0037979527936216214,False
year,2024,8,349596,0.0008245168009455674,0.0008230075487037917,False
year,2025,8,162385,-0.008111279384505413,-0.008070410538262072,False
year,2019,9,6446,0.011977598601199521,0.012001007123410934,False
year,2020,9,335776,-0.013124243499042518,-0.01300237176026129,False
year,2021,9,343849,-0.006394069995821297,-0.006393484907896486,False
year,2022,9,346791,-0.0004477461324626553,-0.0004475936914488966,False
year,2023,9,346503,0.0027291946265618006,0.00272438493022826,False
year,2024,9,349273,-0.006565767135085167,-0.006552699707850939,False
year,2025,9,162242,-0.010997744922604026,-0.010940516562990837,False
year,2019,10,6372,0.021416651873279978,0.02144754399965617,False
year,2020,10,335127,0.0015583637041741304,0.0015435726875099838,False
year,2021,10,343357,0.0018886905316124953,0.0018889383076237853,False
year,2022,10,346456,0.003886375123559953,0.0038847011591414734,False
year,2023,10,346178,0.0056765932641981535,0.005666022598846524,False
year,2024,10,348958,-0.003978559948815352,-0.003969968246514978,False
year,2025,10,162100,0.010738123078167745,0.010673419026696749,False
year,2019,11,6299,0.054444982279728306,0.054617788655431355,False
year,2020,11,334485,0.008818709776406688,0.008732680511844242,False
year,2021,11,342871,-0.005966041346142397,-0.005969549158766517,False
year,2022,11,346125,0.00012070323868111898,0.00012064717592764956,False
year,2023,11,345853,-0.0007667484028976131,-0.0007651792262660034,False
year,2024,11,348645,-0.0034695852295689683,-0.003462145844692104,False
year,2025,11,161960,0.005819965995642689,0.005784992116250302,False
year,2019,12,6229,-0.012362055811680954,-0.012404158248088454,False
year,2020,12,333852,0.0008961949563511345,0.0008873553177035522,False
year,2021,12,342398,0.002309061061523093,0.00231056064681768,False
year,2022,12,345795,0.0004649603418104833,0.0004647093241790435,False
year,2023,12,345529,-0.00029753618240611456,-0.00029690664202424214,False
year,2024,12,348332,0.0029165362159113304,0.0029105998615154005,False
year,2025,12,161820,0.002776833238954348,0.002759323935654613,False
year,2019,13,6162,0.009772594804549213,0.0098122507952532,False
year,2020,13,333230,-0.0032217950122232866,-0.00319209318594598,False
year,2021,13,341930,-0.0008260738070738065,-0.0008268400390894676,False
year,2022,13,345469,0.0026789339602401973,0.002677402997675005,False
year,2023,13,345207,-0.00422055123969029,-0.004211419731140013,False
year,2024,13,348022,0.0038797607635318093,0.0038723063093934365,False
year,2025,13,161680,-0.013287505086782147,-0.01320217247863186,False
year,2019,14,6096,0.06055379645234582,0.060903791896704716,False
year,2020,14,332618,-0.0003361678237998594,-0.0003335050512907338,False
year,2021,14,341467,-0.006768026115286746,-0.006777115033663624,False
year,2022,14,345146,0.0007734374313273634,0.0007728957312801531,False
year,2023,14,344889,0.0033786561321753387,0.0033711117107973806,False
year,2024,14,347715,0.004007640371421812,0.003999971848504608,False
year,2025,14,161540,-0.008098605041078673,-0.008046463541707618,False
year,2019,15,6032,0.016427312577268635,0.0166274689436801,False
year,2020,15,332009,-0.007836808746283964,-0.007795845428372356,False
year,2021,15,341009,0.011333262513763815,0.011356144246483423,False
year,2022,15,344829,0.010393562973173674,0.010385212797524005,False
year,2023,15,344574,0.001312600396014073,0.0013095238200221194,False
year,2024,15,347409,0.007875686847773896,0.007860932642549789,False
year,2025,15,161401,-0.007852257566887417,-0.0078012899933902575,False
year,2019,16,5970,-0.023130341155155873,-0.02357189087628118,False
year,2020,16,331404,0.010883294810746803,0.010855174702325122,False
year,2021,16,340556,-0.009623934105967714,-0.009655157352133643,False
year,2022,16,344517,-0.005411964375204074,-0.005407320919298068,False
year,2023,16,344260,-0.004121270888923395,-0.0041101432430883265,False
year,2024,16,347105,-0.0033517591585189165,-0.003345282188375266,False
year,2025,16,161262,-0.001393400090869365,-0.0013844585167664748,False
year,2019,17,5912,-0.013632321732075627,-0.01390796599154673,False
year,2020,17,330805,0.0011784334233321267,0.0011760423733981728,False
year,2021,17,340109,-0.0014629346238466828,-0.0014681752782325413,False
year,2022,17,344207,-0.002132391495496946,-0.002130439179769291,False
year,2023,17,343948,-0.0024814709640461775,-0.0024746607867167938,False
year,2024,17,346804,0.003122134128671598,0.003115920744552131,False
year,2025,17,161123,-0.002832585534170617,-0.0028135236423493084,False
year,2019,18,5855,-0.001247123327729696,-0.0012730817437440064,False
year,2020,18,330208,0.004405327340342291,0.004402470799696652,False
year,2021,18,339667,-0.004316145288796829,-0.004332469203916564,False
year,2022,18,343899,0.002569888673172204,0.0025676572383824857,False
year,2023,18,343638,-0.002099577497310501,-0.0020933742895543894,False
year,2024,18,346503,-0.00010020951553914955,-0.00010001174423320565,False
year,2025,18,160984,-0.0014464007353371386,-0.0014384764864451502,False
year,2019,19,5798,-0.036606042920507245,-0.03745810328174134,False
year,2020,19,329619,0.006450965111237266,0.006449669028002283,False
year,2021,19,339229,-0.0050720262749430695,-0.0050929282879199535,False
year,2022,19,343593,0.003872648541425625,0.0038690339889462435,False
year,2023,19,343330,-0.003225406789116058,-0.0032158618246316997,False
year,2024,19,346206,-0.00303265372260212,-0.0030269095789984555,False
year,2025,19,160845,0.009007493720955403,0.008958449698752197,False
year,2019,20,5741,-0.007247638862866486,-0.007416328096879864,False
year,2020,20,329033,0.005022293829877031,0.005026144028439951,False
year,2021,20,338791,0.009609871131357303,0.009658055850236486,False
year,2022,20,343288,0.0006831595527569376,0.0006824981461170726,False
year,2023,20,343022,-0.0019365896895745013,-0.0019307959523288812,False
year,2024,20,345910,0.0025124636324646596,0.002506831223634005,False
year,2025,20,160707,0.0023807842937658683,0.002367859942626443,False
segment,00:00-02:00,1,168654,-0.013843138253249076,-0.013851822708112322,False
segment,02:00-03:00,1,84601,-0.017877615287222585,-0.017898867925540626,False
segment,03:00-08:30,1,465128,-0.0009286638706108065,-0.0009298753762866312,False
segment,08:30-09:30,1,84669,-0.01535348878651789,-0.015489130626736694,False
segment,09:30-16:02,1,537750,0.01696545478546695,0.017001327633045876,False
segment,16:02-20:00,1,235744,-0.030949033174208888,-0.029683998715559552,False
segment,20:00-24:00,1,334888,-0.0031391492241598607,-0.003131262803412502,False
segment,00:00-02:00,2,168436,-0.018333967265037342,-0.018405256076250983,False
segment,02:00-03:00,2,84547,-0.02242539732305801,-0.022455485480525995,False
segment,03:00-08:30,2,464866,-0.013504765358295312,-0.013535248772048305,False
segment,08:30-09:30,2,84650,0.011424306112994559,0.011575553487184217,False
segment,09:30-16:02,2,537715,-0.007835486168374574,-0.007874663145518707,False
segment,16:02-20:00,2,233793,-0.014579850998390959,-0.013504766612250866,False
segment,20:00-24:00,2,334546,-0.008872049676537621,-0.008844374840043032,False
segment,00:00-02:00,3,168246,-0.004635608252890468,-0.004667710151581415,False
segment,02:00-03:00,3,84498,0.017760884999152474,0.01780143934865941,False
segment,03:00-08:30,3,464635,0.002476207085965898,0.0024828341420584017,False
segment,08:30-09:30,3,84636,-0.007715861170741755,-0.00781075405033018,False
segment,09:30-16:02,3,537683,-0.004263241296643484,-0.004287339113884587,False
segment,16:02-20:00,3,231863,0.020703168906540705,0.018763905564349048,False
segment,20:00-24:00,3,334238,-0.00900785331451273,-0.008972587240196162,False
segment,00:00-02:00,4,168069,0.022886355307124004,0.023083938048169557,False
segment,02:00-03:00,4,84453,0.0059035189796878195,0.005920671197375332,False
segment,03:00-08:30,4,464426,0.000722142030942913,0.0007244065022482791,False
segment,08:30-09:30,4,84622,0.01323111609406364,0.013446477252556007,False
segment,09:30-16:02,4,537651,0.0026485830135604955,0.002664033500906882,False
segment,16:02-20:00,4,229964,0.01033784587784505,0.009245871784662896,False
segment,20:00-24:00,4,333972,-0.002616626662916427,-0.0026030653225144517,False
segment,00:00-02:00,5,167912,-0.01905901244501114,-0.019260412680606742,False
segment,02:00-03:00,5,84411,-0.007464787210726213,-0.00750531637873434,False
segment,03:00-08:30,5,464236,-0.008407478022028382,-0.008437922105416122,False
segment,08:30-09:30,5,84609,-0.006300186486437251,-0.006397166692151227,False
segment,09:30-16:02,5,537620,-0.002751353953518606,-0.0027690922764194224,False
segment,16:02-20:00,5,228082,-0.006042119852082291,-0.005330197161425014,False
segment,20:00-24:00,5,333731,-0.0011577447354898782,-0.001150822572729103,False
segment,00:00-02:00,6,167774,0.014446143744120345,0.014643604507842545,False
segment,02:00-03:00,6,84369,-0.01653902185165143,-0.016618346136714257,False
segment,03:00-08:30,6,464061,0.0060780260540756505,0.006107480362792019,False
segment,08:30-09:30,6,84598,-0.00039462818617595037,-0.0004010637302659576,False
segment,09:30-16:02,6,537590,-0.0015253432568134242,-0.0015381027079624055,False
segment,16:02-20:00,6,226206,0.009076512921828353,0.007846722627020214,False
segment,20:00-24:00,6,333511,0.008508974677218653,0.008450310479257388,False
segment,00:00-02:00,7,167651,-0.004196831283579718,-0.004275445103376979,False
segment,02:00-03:00,7,84330,0.003916454377018795,0.003923709647641119,False
segment,03:00-08:30,7,463893,-0.00285693152647488,-0.0028723560063183286,False
segment,08:30-09:30,7,84587,-0.0036373196760073803,-0.0036923873080451112,False
segment,09:30-16:02,7,537562,-0.0019221472753905289,-0.0019442213053794926,False
segment,16:02-20:00,7,224335,0.021919785400378308,0.01843380248437985,False
segment,20:00-24:00,7,333301,0.003517832904757932,0.0034879394445479863,False
segment,00:00-02:00,8,167534,0.012050774266293888,0.012321792923476871,False
segment,02:00-03:00,8,84297,-0.009963064410419385,-0.009963988544179202,False
segment,03:00-08:30,8,463730,0.00068432439718128,0.0006882955210931733,False
segment,08:30-09:30,8,84577,0.002794042143148007,0.002835104920032688,False
segment,09:30-16:02,8,537534,0.00101074782234934,0.0010230927509223833,False
segment,16:02-20:00,8,222473,-0.01164197565343382,-0.009688088296449446,False
segment,20:00-24:00,8,333108,-0.0009125558732352243,-0.0009046439610768344,False
segment,00:00-02:00,9,167424,-0.012402881549767252,-0.012705046787456419,False
segment,02:00-03:00,9,84265,0.007581461747661334,0.007588172683163891,False
segment,03:00-08:30,9,463574,-0.0027294290177486678,-0.0027514135338658876,False
segment,08:30-09:30,9,84567,-0.0071571812432496655,-0.007242872722566969,False
segment,09:30-16:02,9,537506,-0.008326135870950746,-0.008432609829067865,False
segment,16:02-20:00,9,220619,-0.006480077376830891,-0.005348884422594786,False
segment,20:00-24:00,9,332925,0.0007028375911027321,0.0006966489812035663,False
segment,00:00-02:00,10,167328,-0.024059842533078742,-0.024728170036413942,False
segment,02:00-03:00,10,84231,0.013446067224014068,0.013441675308621986,False
segment,03:00-08:30,10,463429,-0.0006816410021018977,-0.0006873642239182236,False
segment,08:30-09:30,10,84557,0.009271442564572558,0.009387190823592307,False
segment,09:30-16:02,10,537479,0.0024355493630252908,0.002469451017560535,False
segment,16:02-20:00,10,218767,0.010186659924688389,0.0083014989721354,False
segment,20:00-24:00,10,332757,0.013471813484691415,0.013333970304590546,False
segment,00:00-02:00,11,167236,0.006599141209091345,0.006787431516233313,False
segment,02:00-03:00,11,84197,1.6713015484717042e-05,1.6693532659822348e-05,False
segment,03:00-08:30,11,463289,0.009120843435710948,0.009199208467715611,False
segment,08:30-09:30,11,84547,-0.010545774779101085,-0.010674413571072317,False
segment,09:30-16:02,11,537452,0.0027960443451851263,0.00285145688771181,False
segment,16:02-20:00,11,216922,-0.002812200118551096,-0.002200417949251235,False
segment,20:00-24:00,11,332595,0.00656780193850231,0.00650478910571592,False
segment,00:00-02:00,12,167147,0.020603552246760012,0.02124755157178886,False
segment,02:00-03:00,12,84165,-0.012721497933773229,-0.01270726618718175,False
segment,03:00-08:30,12,463156,0.002684652920808036,0.002711056091733207,False
segment,08:30-09:30,12,84537,-0.0005283372126054588,-0.0005339489191036258,False
segment,09:30-16:02,12,537425,-0.0011893981303077066,-0.0012139287345751424,False
segment,16:02-20:00,12,215083,0.011676459989456553,0.009052844568299951,False
segment,20:00-24:00,12,332442,0.006316212828573733,0.006250083542018839,False
segment,00:00-02:00,13,167060,-0.011859206306648483,-0.012272913608487916,False
segment,02:00-03:00,13,84135,0.019933348158426123,0.0198910040087539,False
segment,03:00-08:30,13,463027,-0.002558436759683368,-0.0025853453039107977,False
segment,08:30-09:30,13,84529,0.005132040153482779,0.0051859981455495505,False
segment,09:30-16:02,13,537397,-0.0028695137460769573,-0.002930370999308516,False
segment,16:02-20:00,13,213252,-0.0005947195812097132,-0.00045880310880965424,False
segment,20:00-24:00,13,332300,-0.004128849126796575,-0.0040887682291861635,False
segment,00:00-02:00,14,166976,-0.01853741612199597,-0.019229428217769795,False
segment,02:00-03:00,14,84108,0.017311812779780403,0.017298231965312282,False
segment,03:00-08:30,14,462905,0.0005795280345508354,0.0005864052349721028,False
segment,08:30-09:30,14,84520,0.0016571087579589161,0.001674270399723028,False
segment,09:30-16:02,14,537371,-0.000788062172542112,-0.0008050328069651743,False
segment,16:02-20:00,14,211424,-0.00957704393520197,-0.007377926753853553,False
segment,20:00-24:00,14,332167,0.005516737294069475,0.005456481520071107,False
segment,00:00-02:00,15,166897,0.034688386248293006,0.0360160919617235,False
segment,02:00-03:00,15,84083,-0.0032542839896275433,-0.003258389760170709,False
segment,03:00-08:30,15,462786,0.004474012817020728,0.004528490171028275,False
segment,08:30-09:30,15,84511,0.0005403319905455601,0.0005464647167396106,False
segment,09:30-16:02,15,537345,1.1713671926754026e-06,1.1976580214896264e-06,False
segment,16:02-20:00,15,209601,0.0031271467049578798,0.0024096760961378983,False
segment,20:00-24:00,15,332040,-0.004606759103831941,-0.004553268709859955,False
segment,00:00-02:00,16,166821,0.012969722972017855,0.013470367254208158,False
segment,02:00-03:00,16,84059,0.00968487848717447,0.009715062385429109,False
segment,03:00-08:30,16,462670,0.005951758584626729,0.006027391892159286,False
segment,08:30-09:30,16,84502,-0.0073469096037031304,-0.007437961401110884,False
segment,09:30-16:02,16,537320,-0.0004192435947805177,-0.00042915449436792995,False
segment,16:02-20:00,16,207785,-0.0014810812745027458,-0.0011377820475441992,False
segment,20:00-24:00,16,331917,-0.005804280211758422,-0.005738909835263443,False
segment,00:00-02:00,17,166753,-0.008554067155233495,-0.008892761423889492,False
segment,02:00-03:00,17,84035,0.001666374510658897,0.0016744758794341172,False
segment,03:00-08:30,17,462559,-0.004252740893543258,-0.004308480546731767,False
segment,08:30-09:30,17,84493,-0.0012430185655386784,-0.001259063070277426,False
segment,09:30-16:02,17,537295,-0.0010207764151158741,-0.001045862150786146,False
segment,16:02-20:00,17,205973,0.006965760747658054,0.005308596879819481,False
segment,20:00-24:00,17,331800,0.005194802644439924,0.005136347226294265,False
segment,00:00-02:00,18,166686,0.02723220344516809,0.02833254969997152,False
segment,02:00-03:00,18,84011,0.013366739971937169,0.013444843195427842,False
segment,03:00-08:30,18,462453,-0.0055523033850070555,-0.005633852454142953,False
segment,08:30-09:30,18,84484,0.009818277257925043,0.009924598801696553,False
segment,09:30-16:02,18,537270,0.0016183411633383326,0.0016589518302291535,False
segment,16:02-20:00,18,204164,-0.005717038667356739,-0.004355301973739071,False
segment,20:00-24:00,18,331686,-0.001766119448896816,-0.0017466579662383473,False
segment,00:00-02:00,19,166621,-0.008584628551669924,-0.008960181218576216,False
segment,02:00-03:00,19,83988,-0.01357368462681499,-0.013646515760230571,False
segment,03:00-08:30,19,462351,0.0009610491252344253,0.0009756881853137414,False
segment,08:30-09:30,19,84475,0.009625308412129968,0.00973044291462348,False
segment,09:30-16:02,19,537245,0.0033320839134610954,0.003418485816209965,False
segment,16:02-20:00,19,202362,-0.0031178404377241857,-0.0023587545269112336,False
segment,20:00-24:00,19,331578,0.016204146137779527,0.0160220126890063,False
segment,00:00-02:00,20,166560,0.011429371086261566,0.011943940727950225,False
segment,02:00-03:00,20,83964,0.011918623489293729,0.012009789071968747,False
segment,03:00-08:30,20,462252,0.004424555895975622,0.0044947896982822574,False
segment,08:30-09:30,20,84465,-0.0031986870630562694,-0.0032327557451964336,False
segment,09:30-16:02,20,537220,0.002231830889513309,0.0022906162332101214,False
segment,16:02-20:00,20,200561,0.0017612470198654796,0.0013297974993828595,False
segment,20:00-24:00,20,331470,0.009241237671225113,0.009137824246357482,False
volume_decile,0,1,192668,-0.13115504858949728,-0.1201473656077322,False
volume_decile,1,1,191887,-0.10068527261682879,-0.09362556691855461,False
volume_decile,2,1,190474,-0.16777990078056773,-0.15163734230659925,False
volume_decile,3,1,190641,-0.1445770114589616,-0.13455998932136962,False
volume_decile,4,1,191333,-0.11466134369887568,-0.10767866653684226,False
volume_decile,5,1,189516,-0.05691722547983509,-0.054932042421793476,False
volume_decile,6,1,191222,-0.04470311461786826,-0.04337064079193047,False
volume_decile,7,1,191004,0.0054684041914769554,0.005349428404627207,False
volume_decile,8,1,191399,0.0061092933721177516,0.005986465733712639,False
volume_decile,9,1,191290,0.06150907940315376,0.06416838537811193,False
volume_decile,0,2,191477,-0.05091069961269843,-0.04342904126411721,False
volume_decile,1,2,191667,-0.041767919283294715,-0.03680164061139228,False
volume_decile,2,2,190212,-0.04351455396415833,-0.03638368144479168,False
volume_decile,3,2,190362,-0.037988943206285326,-0.032463991953370026,False
volume_decile,4,2,191052,-0.054910071188808196,-0.048849440696002215,False
volume_decile,5,2,189287,-0.040545996679329906,-0.0375783794423017,False
volume_decile,6,2,190993,-0.015759942058469027,-0.015286319354345355,False
volume_decile,7,2,190882,-0.02032555396593259,-0.019470753350701742,False
volume_decile,8,2,191348,-0.01880314205106864,-0.018109056247774976,False
volume_decile,9,2,191273,0.016180631370035798,0.017603161947103204,False
volume_decile,0,3,190388,-0.023928312466299912,-0.019997119890549683,False
volume_decile,1,3,191365,-0.02443879405623715,-0.020673405478069815,False
volume_decile,2,3,189927,-0.04863119007251781,-0.04023443232644847,False
volume_decile,3,3,190069,0.014811542570247827,0.01206934198417485,False
volume_decile,4,3,190802,-0.009799212135285984,-0.008540072460291854,False
volume_decile,5,3,189077,-0.019208411052154616,-0.017597076003273336,False
volume_decile,6,3,190825,-0.0052214970638891365,-0.00499879501319123,False
volume_decile,7,3,190783,-0.004424483739450876,-0.0042582969570085045,False
volume_decile,8,3,191302,-0.0009449341218420382,-0.0009030946425509574,False
volume_decile,9,3,191261,0.0059148899038571475,0.0065301145811860065,False
volume_decile,0,4,189373,-0.02728920801328217,-0.022255684946316818,False
volume_decile,1,4,191016,-0.0021537734444982254,-0.0018420314633097474,False
volume_decile,2,4,189587,-0.037539773527043976,-0.029702498107592432,False
volume_decile,3,4,189800,0.0011737269604058503,0.0009425663980034614,False
volume_decile,4,4,190577,-0.011866701501021547,-0.010347197630117086,False
volume_decile,5,4,188888,-0.027161527169879154,-0.024745057136547854,False
volume_decile,6,4,190703,0.0011703457946717333,0.0011172563106128244,False
volume_decile,7,4,190694,0.019483922677782203,0.01873409784585722,False
volume_decile,8,4,191272,0.009941343235105083,0.009529200279968557,False
volume_decile,9,4,191247,0.00822753775368742,0.009123308167698251,False
volume_decile,0,5,188479,-0.03077745305663956,-0.025217701210915565,False
volume_decile,1,5,190728,-0.012692315382567815,-0.010565376491499861,False
volume_decile,2,5,189306,-0.009239796001410245,-0.007272604313941602,False
volume_decile,3,5,189524,-0.0037004747457876144,-0.002951780467790613,False
volume_decile,4,5,190336,-0.040046008393680554,-0.03468513728425539,False
volume_decile,5,5,188664,-0.019993831107702763,-0.018090827367816392,False
volume_decile,6,5,190511,-0.008208293174873899,-0.007845670573784502,False
volume_decile,7,5,190589,-0.0003915827887705755,-0.0003765145026591945,False
volume_decile,8,5,191231,-0.0009170551843216888,-0.0008808901340724502,False
volume_decile,9,5,191233,0.0013401011038287752,0.001488089379008557,False
year_month,2019-12,1,7268,0.028543227658951415,0.028549436425579163,False
year_month,2020-01,1,29635,0.026279966015599635,0.026168367187186074,False
year_month,2020-02,1,27000,0.0013309302239782978,0.0013286748856347187,False
year_month,2020-03,1,25774,-0.009444120041771661,-0.009403692899102437,False
year_month,2020-04,1,28568,0.009606615444474035,0.009600946126141019,False
year_month,2020-05,1,28359,0.034295238466037686,0.03429726270880264,False
year_month,2020-06,1,28528,0.010585109498452787,0.010563270275862234,False
year_month,2020-07,1,31070,0.0715381668368715,0.071502728660536,False
year_month,2020-08,1,28581,0.0341156467826687,0.03412020934135088,False
year_month,2020-09,1,28781,0.0272189269224286,0.027150136904919756,False
year_month,2020-10,1,29032,0.019576818616121625,0.019579989228179433,False
year_month,2020-11,1,28118,0.016840989164017144,0.016826753749550893,False
year_month,2020-12,1,28215,0.018779328805100127,0.018773248833916404,False
year_month,2021-01,1,26998,0.023268333119396457,0.02325252596742918,False
year_month,2021-02,1,26994,0.02440375829514051,0.02438864568511793,False
year_month,2021-03,1,30385,0.014042469595499107,0.014033741506261629,False
year_month,2021-04,1,29478,0.04561523580717797,0.04560457978925234,False
year_month,2021-05,1,28343,-0.0012811400234614705,-0.001280825881726771,False
year_month,2021-06,1,28756,0.026638115714421685,0.026641578212626985,False
year_month,2021-07,1,30070,-0.002035773697124992,-0.0020355114316563685,False
year_month,2021-08,1,30293,0.01273106636998336,0.012728551766723072,False
year_month,2021-09,1,28890,-0.02394658720893575,-0.023945208169267266,False
year_month,2021-10,1,28827,-0.021932320091263332,-0.021927558287513364,False
year_month,2021-11,1,29836,-0.008262275823683557,-0.008247271248656101,False
year_month,2021-12,1,29450,0.0314667532834683,0.031466545203949974,False
year_month,2022-01,1,28698,0.027265839433440568,0.027257022117482956,False
year_month,2022-02,1,27317,0.020061615551388173,0.019983759403577932,False
year_month,2022-03,1,30807,0.014953084285237629,0.014950772178498299,False
year_month,2022-04,1,27560,0.017405803323640886,0.01738294938440708,False
year_month,2022-05,1,30073,0.015792595241605457,0.015788337827900182,False
year_month,2022-06,1,29295,-0.012461503130051678,-0.01246052557104764,False
year_month,2022-07,1,28692,-0.050086510665367616,-0.05007316059631136,False
year_month,2022-08,1,31688,0.016964912844968455,0.01695989502803296,False
year_month,2022-09,1,29201,0.007600572295481208,0.0076001378136152,False
year_month,2022-10,1,28938,0.017361346692860845,0.017345110467566444,False
year_month,2022-11,1,29201,0.016341782301801406,0.016338976101023885,False
year_month,2022-12,1,28140,0.01688107223938985,0.017195842054253275,False
year_month,2023-01,1,28698,0.0011005660485412427,0.001100437788107758,False
year_month,2023-02,1,27320,-0.006259132945094003,-0.006256620368959244,False
year_month,2023-03,1,30802,-0.0023199818810444,-0.002318373447880814,False
year_month,2023-04,1,26798,0.0035192499735267517,0.0035184450756822134,False
year_month,2023-05,1,31454,0.0022538316894863525,0.0022534352254557407,False
year_month,2023-06,1,29268,-0.0007938983731725801,-0.0007944462737888274,False
year_month,2023-07,1,28455,-0.00034768552318652,-0.0003475793788105927,False
year_month,2023-08,1,31691,-0.03365107763875141,-0.033627107517972245,False
year_month,2023-09,1,27891,-0.0053249667815762625,-0.0053228719961214725,False
year_month,2023-10,1,30309,-0.028638601784347708,-0.02861705347278837,False
year_month,2023-11,1,29836,-0.018495057455364783,-0.018488093473185842,False
year_month,2023-12,1,26742,-0.028167019706466005,-0.028157216194913976,False
year_month,2024-01,1,30076,0.028670467802596727,0.02866630964114838,False
year_month,2024-02,1,28687,0.019864148316442176,0.01986985110696332,False
year_month,2024-03,1,26791,0.010571989677858202,0.010592061391981988,False
year_month,2024-04,1,30291,-0.0039757484554354405,-0.003972700371872969,False
year_month,2024-05,1,31454,-0.007920082432726315,-0.007919132992538356,False
year_month,2024-06,1,26395,0.009908759171243911,0.009906600013451729,False
year_month,2024-07,1,31191,0.012952421739140269,0.012955465776978837,False
year_month,2024-08,1,30302,0.013069708481133476,0.01305764308291334,False
year_month,2024-09,1,27885,0.0006531319432960588,0.0006532418936171047,False
year_month,2024-10,1,31690,0.01158823454792224,0.011576345513030493,False
year_month,2024-11,1,28455,0.001789090079205104,0.001788194168869727,False
year_month,2024-12,1,28698,-0.009301654641052577,-0.009298693343854662,False
year_month,2025-01,1,29604,0.016377858146451065,0.016368537744201123,False
year_month,2025-02,1,27320,-0.020707940016198332,-0.020702699786908182,False
year_month,2025-03,1,27555,-0.0024784422779674715,-0.0024772507383572268,False
year_month,2025-04,1,28930,-0.0018706777388486967,-0.0018676715274249512,False
year_month,2025-05,1,30076,0.01351107387704561,0.013440736037031316,False
year_month,2025-06,1,19911,-0.013922422554491656,-0.013930437198730867,False
