variable,raw_adjusted,group,lag,n_pairs,rho,beta,insufficient_sample,n_boot_used,rho_ci_lo,rho_ci_hi
abs_r,raw,2019,1,7268,0.42656940830522316,0.4270995949679204,False,50.0,0.2973736126135428,0.4840625502315129
abs_r,raw,2020,1,341661,0.44668228675422683,0.4451892282852919,False,50.0,0.42094099856703526,0.46240393556837484
abs_r,raw,2021,1,348320,0.38780245291806087,0.3876165372224374,False,50.0,0.37470484168120977,0.39848392026487717
abs_r,raw,2022,1,349610,0.34960358039463174,0.34994949441721396,False,50.0,0.33553180338157473,0.3644086153676485
abs_r,raw,2023,1,349264,0.3787743184129603,0.37864212365944844,False,50.0,0.3652682978138915,0.39187293605538087
abs_r,raw,2024,1,351915,0.37759748506279706,0.37749446395446123,False,50.0,0.3576007006934254,0.3937098983793959
abs_r,raw,2025,1,163396,0.43624724231329043,0.43551229327260055,False,50.0,0.388361129871904,0.46872619138508453
abs_r,raw,2019,5,6807,0.35400586383930954,0.35503277919462223,False,,,
abs_r,raw,2020,5,338488,0.4192746825342663,0.41502059963337007,False,,,
abs_r,raw,2021,5,345906,0.3534852073769313,0.3533068877491525,False,,,
abs_r,raw,2022,5,348162,0.30339840807121593,0.30378899793794467,False,,,
abs_r,raw,2023,5,347844,0.34413172776760187,0.34373800816805616,False,,,
abs_r,raw,2024,5,350578,0.3420759723192408,0.3415347682285207,False,,,
abs_r,raw,2025,5,162816,0.3987238701215894,0.3973033470696114,False,,,
abs_r,raw,2019,20,5741,0.26406472314744905,0.271038119942787,False,,,
abs_r,raw,2020,20,329033,0.3866425600316703,0.386627465535166,False,,,
abs_r,raw,2021,20,338791,0.3100498917769306,0.3119147202356151,False,,,
abs_r,raw,2022,20,343288,0.25700605494654866,0.25727922757510946,False,,,
abs_r,raw,2023,20,343022,0.3019462284073391,0.3011930036069211,False,,,
abs_r,raw,2024,20,345910,0.2989438868493733,0.2984849447191654,False,,,
abs_r,raw,2025,20,160707,0.35464282469562947,0.35296018906508825,False,,,
abs_r,raw,2019,60,4546,0.14731969238727396,0.15469417756298937,False,,,
abs_r,raw,2020,60,314305,0.36111104602487815,0.37380398896120254,False,,,
abs_r,raw,2021,60,325776,0.27257022414918874,0.27900322815633427,False,,,
abs_r,raw,2022,60,331808,0.21332696205889304,0.21577729359842776,False,,,
abs_r,raw,2023,60,331543,0.26015757931110417,0.263346200709696,False,,,
abs_r,raw,2024,60,334497,0.2615964249430236,0.26774757304021385,False,,,
abs_r,raw,2025,60,155368,0.30010740596070834,0.30040170547390094,False,,,
abs_r,adjusted,2019,1,7268,0.1970301718424039,0.19726327613095254,False,50.0,0.14645858613366974,0.24141666448077587
abs_r,adjusted,2020,1,341661,0.43942505138164256,0.4382588079073121,False,50.0,0.4031641601674927,0.4606365123597894
abs_r,adjusted,2021,1,348320,0.31200063088952784,0.3118049631299581,False,50.0,0.2907814998364303,0.32858770498674145
abs_r,adjusted,2022,1,349610,0.25533043924811116,0.25534917582157096,False,50.0,0.2379397810092148,0.27078427421344026
abs_r,adjusted,2023,1,349264,0.24962191828270736,0.2495538752827629,False,50.0,0.2199597486821967,0.28345214891206594
abs_r,adjusted,2024,1,351915,0.31916168760205815,0.31916302598308366,False,50.0,0.2582876480029833,0.3496839016826066
abs_r,adjusted,2025,1,163396,0.4126958567637835,0.41190561296052486,False,50.0,0.32775024313532,0.4689083211258176
abs_r,adjusted,2019,5,6807,0.1364131494056851,0.1368604647539959,False,,,
abs_r,adjusted,2020,5,338488,0.4107904596586923,0.4077511248332178,False,,,
abs_r,adjusted,2021,5,345906,0.2649587453589872,0.26462674470684494,False,,,
abs_r,adjusted,2022,5,348162,0.19055502835084318,0.19057036004161174,False,,,
abs_r,adjusted,2023,5,347844,0.2037299765612902,0.20342615623514376,False,,,
abs_r,adjusted,2024,5,350578,0.2723729899126702,0.27222321456827964,False,,,
abs_r,adjusted,2025,5,162816,0.33777381221679664,0.3395569110340742,False,,,
abs_r,adjusted,2019,20,5741,0.12383678624577137,0.12508784410705823,False,,,
abs_r,adjusted,2020,20,329033,0.38377388377775434,0.3780464129498761,False,,,
abs_r,adjusted,2021,20,338791,0.24440636329017348,0.24388861104417814,False,,,
abs_r,adjusted,2022,20,343288,0.16163047213623202,0.1617821674895037,False,,,
abs_r,adjusted,2023,20,343022,0.16748249394213166,0.16657132841943917,False,,,
abs_r,adjusted,2024,20,345910,0.22796925966158743,0.22785758240803736,False,,,
abs_r,adjusted,2025,20,160707,0.305881460695328,0.30587036640917414,False,,,
abs_r,adjusted,2019,60,4546,0.06520928531832933,0.06420462352724964,False,,,
abs_r,adjusted,2020,60,314305,0.3497361561389461,0.3399543850069776,False,,,
abs_r,adjusted,2021,60,325776,0.22100399898641207,0.21939787062903382,False,,,
abs_r,adjusted,2022,60,331808,0.12898025889166956,0.13067691233896636,False,,,
abs_r,adjusted,2023,60,331543,0.12789933375305537,0.12987908105312326,False,,,
abs_r,adjusted,2024,60,334497,0.20018708301154364,0.20975977106455887,False,,,
abs_r,adjusted,2025,60,155368,0.26872188612286046,0.27061885231400895,False,,,
log_hl,raw,2019,1,7406,0.7124011352241433,0.7095807545597618,False,50.0,0.6245542100221161,0.7451492836213861
log_hl,raw,2020,1,342648,0.7717123639318461,0.7623327839429109,False,50.0,0.7469669838868278,0.7814587384899692
log_hl,raw,2021,1,349039,0.7410992214477724,0.7394447570238434,False,50.0,0.7287031645943634,0.7498081180086728
log_hl,raw,2022,1,349996,0.6971211536750881,0.6934543899806445,False,50.0,0.6844759995933071,0.7128140024108875
log_hl,raw,2023,1,349636,0.7345745533162606,0.7329378635194606,False,50.0,0.718570873751063,0.7471523538611458
log_hl,raw,2024,1,352261,0.7308162333397172,0.7289490318538578,False,50.0,0.7094031364888512,0.744933087228227
log_hl,raw,2025,1,163544,0.765965264764335,0.7573761728162889,False,50.0,0.7237312034139798,0.7918740362113118
log_hl,raw,2019,5,6911,0.6207296847312097,0.6183086454730308,False,,,
log_hl,raw,2020,5,339217,0.7193620056045378,0.7050260997652796,False,,,
log_hl,raw,2021,5,346457,0.6827025897715212,0.6805927920795517,False,,,
log_hl,raw,2022,5,348515,0.62263005741174,0.6203046147496302,False,,,
log_hl,raw,2023,5,348188,0.6552057387038914,0.6533951259944731,False,,,
log_hl,raw,2024,5,350908,0.6628451583389282,0.6605418406250948,False,,,
log_hl,raw,2025,5,162961,0.6995202398670521,0.690206203941629,False,,,
log_hl,raw,2019,20,5798,0.47417532085716924,0.4846614288365866,False,,,
log_hl,raw,2020,20,329619,0.6679534786693614,0.6585087739855187,False,,,
log_hl,raw,2021,20,339229,0.6020156477335362,0.6046691092208207,False,,,
log_hl,raw,2022,20,343593,0.531797043981282,0.5298883082855825,False,,,
log_hl,raw,2023,20,343330,0.5720055315308645,0.5695417720576079,False,,,
log_hl,raw,2024,20,346206,0.5815554029594384,0.5798309073011986,False,,,
log_hl,raw,2025,20,160845,0.6252920209317866,0.6152694914371721,False,,,
log_hl,raw,2019,60,4566,0.30033314616403295,0.31265464079675676,False,,,
log_hl,raw,2020,60,314606,0.6216237885989669,0.62983780447601,False,,,
log_hl,raw,2021,60,326064,0.5224973334410247,0.5334110938983453,False,,,
log_hl,raw,2022,60,332084,0.43669042651249396,0.43941937390363983,False,,,
log_hl,raw,2023,60,331820,0.4926202542078364,0.49749685308370334,False,,,
log_hl,raw,2024,60,334775,0.5066133895370972,0.5185375062262383,False,,,
log_hl,raw,2025,60,155499,0.5516444472973383,0.5462824292166296,False,,,
log_hl,adjusted,2019,1,7406,0.4216015046728936,0.42238955438232434,False,50.0,0.27629338025865985,0.46140307586317847
log_hl,adjusted,2020,1,342648,0.7409703226848394,0.7390737617693885,False,50.0,0.7091561630209056,0.7587867000130664
log_hl,adjusted,2021,1,349039,0.6469013067482414,0.6461523519309712,False,50.0,0.6227250341314788,0.6687705454725517
log_hl,adjusted,2022,1,349996,0.5654537475111225,0.5646622936685759,False,50.0,0.5404628862163088,0.5851600818362134
log_hl,adjusted,2023,1,349636,0.5915525593413705,0.5915864864628062,False,50.0,0.5465080638136907,0.6367347720984959
log_hl,adjusted,2024,1,352261,0.6621549962561732,0.6622612511615694,False,50.0,0.5925896390384787,0.696045113610021
log_hl,adjusted,2025,1,163544,0.7354354358818115,0.7338462074919883,False,50.0,0.6700965140887006,0.7799220407983298
log_hl,adjusted,2019,5,6911,0.31187280251790656,0.31196088033766484,False,,,
log_hl,adjusted,2020,5,339217,0.6836497845125127,0.6773291512416397,False,,,
log_hl,adjusted,2021,5,346457,0.5628164420004177,0.5602004750688021,False,,,
log_hl,adjusted,2022,5,348515,0.45671523714966816,0.4572529990131306,False,,,
log_hl,adjusted,2023,5,348188,0.4756141399859104,0.4753327677320368,False,,,
log_hl,adjusted,2024,5,350908,0.5620121598072179,0.5619161643718245,False,,,
log_hl,adjusted,2025,5,162961,0.6485137034202269,0.6517788796192064,False,,,
log_hl,adjusted,2019,20,5798,0.23012735935009196,0.2363618917753085,False,,,
log_hl,adjusted,2020,20,329619,0.6475889023428804,0.6351895923411329,False,,,
log_hl,adjusted,2021,20,339229,0.5153917291750281,0.512223388789023,False,,,
log_hl,adjusted,2022,20,343593,0.39061424507365516,0.39125217508797533,False,,,
log_hl,adjusted,2023,20,343330,0.3999987372772244,0.39675458883399495,False,,,
log_hl,adjusted,2024,20,346206,0.48640878684944666,0.4869562020322255,False,,,
log_hl,adjusted,2025,20,160845,0.5818689243538043,0.578769031489708,False,,,
log_hl,adjusted,2019,60,4566,0.14362669714871784,0.14246714948899591,False,,,
log_hl,adjusted,2020,60,314606,0.6029678009269327,0.5802263892174191,False,,,
log_hl,adjusted,2021,60,326064,0.46906462424003076,0.46450567534841575,False,,,
log_hl,adjusted,2022,60,332084,0.3204074154242248,0.3275883867458974,False,,,
log_hl,adjusted,2023,60,331820,0.31289536238479965,0.3186789755641703,False,,,
log_hl,adjusted,2024,60,334775,0.42530474497341386,0.45218663906091605,False,,,
log_hl,adjusted,2025,60,155499,0.5300142901819968,0.5314497023596426,False,,,
